,id,Country,Language,20140904,20140905,20140906,20140907,20140908,20140909,20140910,20140911,20140912,20140913,20140914,20140915,20140916,20140917,20140918,20140919,20140920,20140921,20140922,20140923,20140924,20140925,20140926,20140927,20140928,20140929,20140930,20141001,20141002,20141003,20141004,20141005,20141006,20141007,20141008,20140904,20140905,20140906,20140907,20140908,20140909,20140910,20140911,20140912,20140913,20140914,20140915,20140916,20140917,20140918,20140919,20140920,20140921,20140922,20140923,20140924,20140925,20140926,20140927,20140928,20140929,20140930,20141001,20141002,20141003,20141004,20141005,20141006,20141007,20141008
0,,Afghanistan,,,,,,,,,,,,,,,,,,,,,,,,,,,,,,,,,,,,,243.0,0.0,0.0,0.0,0.0,0.0,0.0,0.0,0.0,0.0,0.0,0.0,0.0,0.0,0.0,0.0,0.0,0.0,0.0,0.0,0.0,0.0,0.0,0.0,0.0,0.0,0.0,0.0,0.0,0.0,0.0,0.0,0.0,0.0,340.0
1,,Anguilla,,,,,,,,,,,,,,,,,,,,,,,,,,,,,,,,,,,,,0.0,0.0,584.0,0.0,0.0,0.0,0.0,0.0,0.0,0.0,0.0,0.0,0.0,0.0,0.0,0.0,0.0,0.0,0.0,0.0,0.0,0.0,0.0,0.0,0.0,0.0,0.0,0.0,0.0,0.0,0.0,0.0,0.0,0.0,0.0
2,,Argentina,,,,,,,,,,,,,,,,,,,,,,,,,,,,,,,,,,,,,3502.0,3453.0,243.0,0.0,973.0,681.0,0.0,0.0,0.0,0.0,0.0,0.0,0.0,0.0,0.0,0.0,0.0,0.0,0.0,0.0,0.0,0.0,0.0,0.0,0.0,0.0,0.0,0.0,0.0,0.0,0.0,0.0,0.0,0.0,0.0
3,,Australia,,,,,,,,,,,,,,,,,,,,,,,,,,,,,,,,,,,,,39931.0,105884.0,14348.0,5934.0,3940.0,584.0,2821.0,1216.0,0.0,2043.0,97.0,827.0,0.0,0.0,584.0,0.0,146.0,0.0,0.0,0.0,0.0,0.0,0.0,0.0,0.0,0.0,0.0,1362.0,1800.0,3113.0,2821.0,778.0,49.0,875.0,0.0
4,,Austria,,,,,,,,,,,,,,,,,,,,,,,,,,,,,,,,,,,,,875.0,535.0,0.0,535.0,146.0,1605.0,0.0,0.0,0.0,0.0,0.0,0.0,0.0,0.0,0.0,0.0,0.0,0.0,0.0,0.0,0.0,0.0,0.0,0.0,0.0,0.0,0.0,0.0,0.0,778.0,1313.0,0.0,0.0,0.0,0.0
5,,Bahamas,,,,,,,,,,,,,,,,,,,,,,,,,,,,,,,,,,,,,1216.0,49.0,1167.0,0.0,0.0,0.0,0.0,0.0,0.0,0.0,0.0,0.0,0.0,0.0,0.0,0.0,0.0,0.0,0.0,0.0,0.0,0.0,0.0,0.0,0.0,0.0,0.0,0.0,0.0,0.0,0.0,0.0,0.0,0.0,0.0
6,,Belgium,,,,,,,,,,,,,,,,,,,,,,,,,,,,,,,,,,,,,584.0,6371.0,2772.0,97.0,0.0,0.0,0.0,924.0,0.0,0.0,0.0,0.0,0.0,0.0,0.0,0.0,0.0,0.0,0.0,0.0,0.0,0.0,0.0,0.0,0.0,0.0,0.0,1459.0,49.0,0.0,146.0,0.0,0.0,0.0,0.0
7,,Belize,,,,,,,,,,,,,,,,,,,,,,,,,,,,,,,,,,,,,0.0,292.0,0.0,0.0,0.0,0.0,0.0,0.0,0.0,0.0,0.0,0.0,0.0,0.0,0.0,0.0,0.0,0.0,0.0,0.0,0.0,0.0,0.0,0.0,0.0,0.0,0.0,0.0,0.0,0.0,0.0,0.0,0.0,0.0,0.0
8,,Bosnia and Herzegovina,,,,,,,,,,,,,,,,,,,,,,,,,,,,,,,,,,,,,0.0,1654.0,0.0,0.0,0.0,0.0,0.0,0.0,0.0,0.0,0.0,0.0,0.0,0.0,0.0,0.0,0.0,0.0,0.0,0.0,0.0,0.0,0.0,0.0,0.0,0.0,0.0,0.0,0.0,0.0,1994.0,0.0,0.0,0.0,0.0
9,,Brazil,,,,,,,,,,,,,,,,,,,,,,,,,,,,,,,,,,,,,3551.0,28161.0,1897.0,146.0,0.0,243.0,0.0,0.0,730.0,0.0,0.0,0.0,0.0,0.0,0.0,0.0,0.0,0.0,0.0,0.0,0.0,0.0,0.0,0.0,0.0,0.0,0.0,0.0,1070.0,0.0,681.0,584.0,1167.0,0.0,0.0
10,,Bulgaria,,,,,,,,,,,,,,,,,,,,,,,,,,,,,,,,,,,,,0.0,1265.0,0.0,0.0,0.0,0.0,0.0,0.0,0.0,0.0,0.0,0.0,0.0,0.0,0.0,0.0,0.0,146.0,0.0,0.0,0.0,0.0,0.0,0.0,0.0,0.0,0.0,0.0,0.0,1410.0,0.0,778.0,0.0,0.0,0.0
11,,Cambodia,,,,,,,,,,,,,,,,,,,,,,,,,,,,,,,,,,,,,0.0,0.0,0.0,0.0,0.0,0.0,97.0,0.0,0.0,0.0,0.0,0.0,0.0,0.0,0.0,0.0,0.0,0.0,0.0,0.0,0.0,0.0,0.0,0.0,0.0,0.0,0.0,0.0,0.0,0.0,0.0,0.0,0.0,0.0,0.0
12,,Canada,,,,,,,,,,,,,,,,,,,,,,,,,,,,,,,,,,,,,91779.0,189783.0,26945.0,18190.0,11819.0,4475.0,8803.0,6128.0,8609.0,6615.0,6177.0,6566.0,0.0,0.0,0.0,0.0,0.0,778.0,0.0,681.0,0.0,0.0,49.0,0.0,681.0,584.0,146.0,8949.0,7150.0,4280.0,46886.0,18482.0,3551.0,778.0,0.0
13,,Cayman Islands,,,,,,,,,,,,,,,,,,,,,,,,,,,,,,,,,,,,,0.0,1751.0,0.0,0.0,0.0,0.0,0.0,0.0,0.0,0.0,0.0,0.0,0.0,0.0,0.0,0.0,0.0,0.0,0.0,0.0,0.0,0.0,0.0,0.0,0.0,0.0,0.0,0.0,0.0,0.0,0.0,0.0,0.0,0.0,0.0
14,,Chile,,,,,,,,,,,,,,,,,,,,,,,,,,,,,,,,,,,,,2043.0,5204.0,535.0,97.0,0.0,535.0,1751.0,0.0,0.0,0.0,0.0,0.0,0.0,0.0,0.0,0.0,0.0,0.0,0.0,0.0,0.0,0.0,0.0,0.0,0.0,0.0,0.0,0.0,0.0,0.0,973.0,0.0,0.0,0.0,0.0
15,,China,,,,,,,,,,,,,,,,,,,,,,,,,,,,,,,,,,,,,0.0,535.0,0.0,0.0,0.0,0.0,0.0,0.0,0.0,0.0,0.0,0.0,0.0,0.0,0.0,0.0,0.0,0.0,0.0,0.0,0.0,0.0,0.0,0.0,0.0,0.0,0.0,0.0,0.0,0.0,0.0,49.0,0.0,0.0,0.0
16,,Colombia,,,,,,,,,,,,,,,,,,,,,,,,,,,,,,,,,,,,,97.0,2286.0,0.0,97.0,0.0,0.0,0.0,0.0,0.0,0.0,0.0,0.0,49.0,0.0,0.0,0.0,0.0,0.0,0.0,0.0,0.0,0.0,0.0,0.0,0.0,0.0,0.0,0.0,0.0,0.0,0.0,0.0,0.0,0.0,0.0
17,,Costa Rica,,,,,,,,,,,,,,,,,,,,,,,,,,,,,,,,,,,,,778.0,2237.0,0.0,0.0,0.0,0.0,0.0,0.0,0.0,0.0,0.0,0.0,0.0,0.0,0.0,0.0,0.0,0.0,0.0,0.0,0.0,0.0,0.0,0.0,0.0,0.0,0.0,0.0,0.0,0.0,0.0,0.0,0.0,0.0,0.0
18,,Croatia,,,,,,,,,,,,,,,,,,,,,,,,,,,,,,,,,,,,,0.0,1800.0,0.0,0.0,0.0,0.0,0.0,0.0,0.0,0.0,0.0,0.0,0.0,0.0,0.0,0.0,0.0,0.0,0.0,0.0,0.0,0.0,0.0,0.0,0.0,0.0,0.0,0.0,486.0,0.0,0.0,0.0,0.0,0.0,0.0
19,,Cyprus,,,,,,,,,,,,,,,,,,,,,,,,,,,,,,,,,,,,,0.0,0.0,1021.0,0.0,0.0,0.0,0.0,0.0,0.0,0.0,0.0,0.0,0.0,0.0,0.0,0.0,0.0,0.0,0.0,0.0,0.0,0.0,0.0,0.0,0.0,0.0,0.0,0.0,0.0,0.0,0.0,0.0,0.0,0.0,0.0
20,,Czech Republic,,,,,,,,,,,,,,,,,,,,,,,,,,,,,,,,,,,,,0.0,5545.0,1362.0,1848.0,1265.0,0.0,1362.0,0.0,0.0,0.0,0.0,0.0,0.0,0.0,0.0,0.0,0.0,0.0,0.0,0.0,0.0,0.0,0.0,0.0,0.0,0.0,0.0,0.0,0.0,0.0,0.0,0.0,0.0,0.0,0.0
21,,Denmark,,,,,,,,,,,,,,,,,,,,,,,,,,,,,,,,,,,,,0.0,5399.0,2237.0,243.0,195.0,0.0,0.0,0.0,0.0,0.0,0.0,0.0,0.0,0.0,584.0,0.0,0.0,0.0,0.0,0.0,0.0,0.0,0.0,0.0,0.0,0.0,0.0,0.0,0.0,0.0,0.0,1459.0,0.0,0.0,0.0
22,,Dominica,,,,,,,,,,,,,,,,,,,,,,,,,,,,,,,,,,,,,0.0,0.0,49.0,0.0,0.0,0.0,0.0,0.0,0.0,0.0,0.0,0.0,0.0,0.0,0.0,0.0,0.0,0.0,0.0,0.0,0.0,0.0,0.0,0.0,0.0,0.0,0.0,0.0,0.0,0.0,0.0,0.0,0.0,0.0,0.0
23,,Egypt,,,,,,,,,,,,,,,,,,,,,,,,,,,,,,,,,,,,,97.0,0.0,0.0,0.0,97.0,0.0,0.0,0.0,0.0,0.0,0.0,0.0,0.0,0.0,0.0,0.0,0.0,0.0,0.0,0.0,0.0,0.0,0.0,0.0,0.0,0.0,0.0,0.0,0.0,0.0,0.0,0.0,0.0,0.0,0.0
24,,El Salvador,,,,,,,,,,,,,,,,,,,,,,,,,,,,,,,,,,,,,0.0,1751.0,0.0,0.0,535.0,0.0,0.0,0.0,0.0,0.0,0.0,0.0,0.0,0.0,0.0,0.0,0.0,0.0,0.0,0.0,0.0,0.0,0.0,0.0,0.0,0.0,0.0,0.0,0.0,0.0,0.0,0.0,0.0,0.0,0.0
25,,Estonia,,,,,,,,,,,,,,,,,,,,,,,,,,,,,,,,,,,,,1848.0,778.0,0.0,0.0,0.0,0.0,0.0,1848.0,0.0,0.0,0.0,0.0,0.0,0.0,0.0,0.0,0.0,0.0,0.0,0.0,0.0,0.0,0.0,0.0,0.0,0.0,0.0,0.0,0.0,924.0,681.0,0.0,0.0,0.0,0.0
26,,Ethiopia,,,,,,,,,,,,,,,,,,,,,,,,,,,,,,,,,,,,,0.0,584.0,0.0,0.0,0.0,0.0,97.0,0.0,0.0,0.0,0.0,0.0,0.0,0.0,0.0,0.0,0.0,0.0,0.0,0.0,0.0,0.0,0.0,0.0,0.0,0.0,0.0,0.0,0.0,0.0,0.0,0.0,0.0,0.0,0.0
27,,Finland,,,,,,,,,,,,,,,,,,,,,,,,,,,,,,,,,,,,,2335.0,9338.0,0.0,0.0,0.0,0.0,2286.0,243.0,0.0,146.0,0.0,0.0,0.0,0.0,0.0,0.0,0.0,0.0,0.0,0.0,0.0,0.0,0.0,0.0,0.0,0.0,0.0,0.0,0.0,0.0,827.0,0.0,0.0,0.0,0.0
28,,France,,,,,,,,,,,,,,,,,,,,,,,,,,,,,,,,,,,,,6761.0,14153.0,3745.0,486.0,49.0,1605.0,0.0,0.0,0.0,0.0,0.0,0.0,0.0,0.0,0.0,0.0,0.0,0.0,0.0,0.0,0.0,0.0,0.0,0.0,0.0,0.0,0.0,1070.0,3745.0,0.0,0.0,0.0,0.0,0.0,0.0
29,,Germany,,,,,,,,,,,,,,,,,,,,,,,,,,,,,,,,,,,,,8560.0,32976.0,2335.0,4280.0,49.0,1410.0,1897.0,0.0,0.0,1702.0,730.0,49.0,0.0,0.0,0.0,0.0,0.0,0.0,243.0,0.0,0.0,1459.0,0.0,0.0,0.0,0.0,0.0,0.0,3064.0,1167.0,5204.0,4037.0,0.0,0.0,584.0
30,,Gibraltar,,,,,,,,,,,,,,,,,,,,,,,,,,,,,,,,,,,,,0.0,243.0,0.0,0.0,0.0,0.0,0.0,0.0,0.0,0.0,0.0,0.0,0.0,0.0,0.0,0.0,0.0,0.0,0.0,0.0,0.0,0.0,0.0,0.0,0.0,0.0,0.0,0.0,0.0,0.0,0.0,0.0,0.0,0.0,0.0
31,,Greece,,,,,,,,,,,,,,,,,,,,,,,,,,,,,,,,,,,,,146.0,2821.0,486.0,0.0,0.0,0.0,1751.0,0.0,0.0,0.0,0.0,0.0,0.0,0.0,0.0,0.0,0.0,0.0,0.0,0.0,0.0,0.0,0.0,0.0,0.0,0.0,0.0,0.0,0.0,0.0,49.0,0.0,97.0,0.0,0.0
32,,Guam,,,,,,,,,,,,,,,,,,,,,,,,,,,,,,,,,,,,,0.0,1605.0,0.0,0.0,0.0,0.0,0.0,0.0,0.0,0.0,0.0,0.0,0.0,0.0,0.0,0.0,0.0,0.0,0.0,0.0,0.0,0.0,0.0,0.0,0.0,0.0,0.0,0.0,0.0,0.0,0.0,0.0,0.0,0.0,0.0
33,,Guatemala,,,,,,,,,,,,,,,,,,,,,,,,,,,,,,,,,,,,,0.0,1362.0,0.0,0.0,0.0,0.0,0.0,0.0,0.0,0.0,0.0,0.0,0.0,0.0,0.0,0.0,0.0,0.0,0.0,0.0,0.0,0.0,0.0,0.0,0.0,0.0,0.0,0.0,0.0,0.0,0.0,0.0,0.0,0.0,0.0
34,,Honduras,,,,,,,,,,,,,,,,,,,,,,,,,,,,,,,,,,,,,2870.0,243.0,0.0,0.0,0.0,0.0,0.0,0.0,0.0,0.0,0.0,0.0,0.0,0.0,0.0,0.0,0.0,0.0,0.0,0.0,0.0,0.0,0.0,0.0,0.0,0.0,0.0,0.0,0.0,0.0,0.0,0.0,0.0,0.0,0.0
35,,Hong Kong,,,,,,,,,,,,,,,,,,,,,,,,,,,,,,,,,,,,,49.0,1021.0,2918.0,1751.0,97.0,0.0,0.0,146.0,0.0,0.0,0.0,0.0,0.0,1848.0,0.0,0.0,0.0,0.0,0.0,0.0,0.0,0.0,0.0,0.0,0.0,0.0,0.0,0.0,0.0,0.0,0.0,0.0,0.0,0.0,0.0
36,,Hungary,,,,,,,,,,,,,,,,,,,,,,,,,,,,,,,,,,,,,0.0,6177.0,0.0,0.0,97.0,0.0,0.0,0.0,0.0,0.0,0.0,0.0,0.0,0.0,0.0,0.0,0.0,0.0,0.0,0.0,0.0,0.0,0.0,0.0,0.0,0.0,0.0,0.0,0.0,0.0,1897.0,0.0,146.0,0.0,97.0
37,,Iceland,,,,,,,,,,,,,,,,,,,,,,,,,,,,,,,,,,,,,195.0,632.0,97.0,0.0,0.0,0.0,49.0,49.0,49.0,0.0,0.0,0.0,0.0,0.0,0.0,0.0,0.0,0.0,0.0,0.0,0.0,0.0,0.0,0.0,0.0,0.0,0.0,340.0,0.0,0.0,0.0,0.0,0.0,0.0,0.0
38,,India,,,,,,,,,,,,,,,,,,,,,,,,,,,,,,,,,,,,,97.0,11430.0,2481.0,438.0,3064.0,1556.0,0.0,195.0,97.0,0.0,0.0,584.0,0.0,0.0,0.0,0.0,0.0,0.0,0.0,0.0,0.0,0.0,0.0,0.0,0.0,0.0,0.0,0.0,2043.0,0.0,195.0,0.0,0.0,0.0,0.0
39,,Indonesia,,,,,,,,,,,,,,,,,,,,,,,,,,,,,,,,,,,,,1265.0,3064.0,1119.0,389.0,0.0,0.0,0.0,0.0,0.0,0.0,0.0,0.0,0.0,0.0,0.0,0.0,0.0,0.0,0.0,0.0,0.0,0.0,0.0,0.0,0.0,0.0,0.0,0.0,0.0,0.0,97.0,0.0,0.0,0.0,0.0
40,,Ireland,,,,,,,,,,,,,,,,,,,,,,,,,,,,,,,,,,,,,5447.0,28356.0,8122.0,1556.0,4523.0,584.0,0.0,0.0,0.0,0.0,0.0,0.0,0.0,0.0,0.0,0.0,0.0,0.0,0.0,0.0,0.0,0.0,0.0,0.0,0.0,0.0,0.0,0.0,292.0,0.0,3016.0,730.0,1070.0,389.0,0.0
41,,Israel,,,,,,,,,,,,,,,,,,,,,,,,,,,,,,,,,,,,,0.0,5301.0,1800.0,0.0,0.0,0.0,0.0,0.0,0.0,0.0,0.0,0.0,0.0,0.0,0.0,0.0,0.0,0.0,0.0,0.0,0.0,0.0,0.0,0.0,0.0,0.0,0.0,0.0,195.0,0.0,2140.0,0.0,0.0,0.0,0.0
42,,Italy,,,,,,,,,,,,,,,,,,,,,,,,,,,,,,,,,,,,,2189.0,11673.0,0.0,0.0,0.0,0.0,0.0,0.0,146.0,0.0,0.0,0.0,0.0,0.0,0.0,0.0,0.0,0.0,0.0,0.0,0.0,0.0,0.0,0.0,0.0,0.0,0.0,0.0,1021.0,0.0,1021.0,0.0,0.0,0.0,0.0
43,,Jamaica,,,,,,,,,,,,,,,,,,,,,,,,,,,,,,,,,,,,,1945.0,973.0,0.0,0.0,0.0,0.0,0.0,0.0,0.0,0.0,0.0,0.0,0.0,0.0,0.0,0.0,0.0,0.0,0.0,0.0,0.0,0.0,0.0,0.0,0.0,0.0,0.0,0.0,0.0,0.0,0.0,0.0,0.0,0.0,0.0
44,,Japan,,,,,,,,,,,,,,,,,,,,,,,,,,,,,,,,,,,,,2481.0,3891.0,1994.0,146.0,0.0,0.0,535.0,49.0,0.0,0.0,0.0,0.0,0.0,0.0,0.0,0.0,0.0,0.0,0.0,0.0,0.0,0.0,0.0,0.0,0.0,0.0,0.0,0.0,0.0,0.0,632.0,0.0,0.0,0.0,0.0
45,,Jordan,,,,,,,,,,,,,,,,,,,,,,,,,,,,,,,,,,,,,0.0,389.0,0.0,0.0,0.0,0.0,0.0,0.0,0.0,0.0,0.0,0.0,0.0,0.0,0.0,0.0,0.0,0.0,0.0,0.0,0.0,0.0,0.0,0.0,0.0,0.0,0.0,0.0,0.0,0.0,0.0,0.0,0.0,0.0,0.0
46,,Kazakhstan,,,,,,,,,,,,,,,,,,,,,,,,,,,,,,,,,,,,,0.0,195.0,0.0,0.0,0.0,0.0,0.0,0.0,0.0,0.0,0.0,0.0,0.0,0.0,0.0,0.0,0.0,0.0,0.0,0.0,0.0,0.0,0.0,0.0,0.0,0.0,0.0,0.0,0.0,0.0,0.0,0.0,0.0,0.0,0.0
47,,Kenya,,,,,,,,,,,,,,,,,,,,,,,,,,,,,,,,,,,,,0.0,827.0,0.0,49.0,0.0,49.0,97.0,49.0,0.0,49.0,0.0,0.0,0.0,0.0,0.0,0.0,0.0,0.0,0.0,0.0,0.0,0.0,0.0,0.0,0.0,0.0,0.0,0.0,97.0,0.0,0.0,0.0,0.0,0.0,0.0
48,,Kuwait,,,,,,,,,,,,,,,,,,,,,,,,,,,,,,,,,,,,,0.0,584.0,0.0,0.0,0.0,0.0,0.0,0.0,0.0,0.0,0.0,0.0,0.0,0.0,0.0,0.0,0.0,0.0,0.0,0.0,0.0,0.0,0.0,0.0,0.0,0.0,0.0,0.0,0.0,0.0,0.0,0.0,0.0,0.0,0.0
49,,Laos,,,,,,,,,,,,,,,,,,,,,,,,,,,,,,,,,,,,,0.0,195.0,0.0,0.0,0.0,0.0,0.0,0.0,0.0,0.0,0.0,0.0,0.0,0.0,0.0,0.0,0.0,0.0,0.0,0.0,0.0,0.0,0.0,0.0,0.0,0.0,0.0,0.0,0.0,0.0,0.0,0.0,0.0,0.0,0.0
50,,Latvia,,,,,,,,,,,,,,,,,,,,,,,,,,,,,,,,,,,,,0.0,1410.0,0.0,0.0,0.0,0.0,0.0,0.0,0.0,0.0,0.0,0.0,0.0,0.0,0.0,0.0,0.0,0.0,0.0,0.0,0.0,0.0,0.0,0.0,0.0,0.0,0.0,0.0,0.0,0.0,0.0,0.0,0.0,0.0,0.0
51,,Lebanon,,,,,,,,,,,,,,,,,,,,,,,,,,,,,,,,,,,,,0.0,49.0,146.0,0.0,0.0,0.0,0.0,49.0,0.0,0.0,0.0,0.0,0.0,0.0,1654.0,49.0,0.0,0.0,0.0,0.0,0.0,0.0,0.0,0.0,0.0,0.0,0.0,0.0,0.0,0.0,0.0,0.0,0.0,0.0,0.0
52,,Lithuania,,,,,,,,,,,,,,,,,,,,,,,,,,,,,,,,,,,,,0.0,195.0,292.0,0.0,0.0,0.0,0.0,0.0,0.0,0.0,0.0,0.0,0.0,0.0,0.0,0.0,0.0,0.0,0.0,0.0,0.0,0.0,0.0,0.0,0.0,0.0,0.0,0.0,1508.0,0.0,681.0,0.0,0.0,0.0,0.0
53,,Luxembourg,,,,,,,,,,,,,,,,,,,,,,,,,,,,,,,,,,,,,0.0,681.0,0.0,0.0,0.0,0.0,0.0,0.0,0.0,0.0,0.0,0.0,0.0,0.0,0.0,0.0,0.0,0.0,0.0,0.0,0.0,0.0,0.0,0.0,0.0,0.0,0.0,0.0,0.0,0.0,0.0,0.0,0.0,0.0,0.0
54,,Macedonia (FYROM),,,,,,,,,,,,,,,,,,,,,,,,,,,,,,,,,,,,,0.0,243.0,0.0,0.0,0.0,0.0,97.0,0.0,97.0,0.0,0.0,0.0,0.0,0.0,0.0,0.0,49.0,0.0,0.0,0.0,0.0,0.0,0.0,0.0,0.0,0.0,0.0,0.0,0.0,0.0,0.0,0.0,0.0,0.0,0.0
55,,Malaysia,,,,,,,,,,,,,,,,,,,,,,,,,,,,,,,,,,,,,1167.0,6080.0,195.0,0.0,0.0,0.0,0.0,1508.0,97.0,0.0,0.0,0.0,0.0,0.0,0.0,0.0,0.0,0.0,0.0,0.0,0.0,0.0,97.0,0.0,0.0,0.0,0.0,0.0,0.0,0.0,292.0,584.0,0.0,0.0,0.0
56,,Malta,,,,,,,,,,,,,,,,,,,,,,,,,,,,,,,,,,,,,0.0,389.0,0.0,0.0,0.0,0.0,0.0,0.0,0.0,0.0,0.0,0.0,0.0,0.0,0.0,0.0,0.0,0.0,0.0,0.0,0.0,0.0,0.0,0.0,0.0,0.0,0.0,0.0,0.0,0.0,49.0,0.0,0.0,0.0,0.0
57,,Mexico,,,,,,,,,,,,,,,,,,,,,,,,,,,,,,,,,,,,,10797.0,17169.0,2724.0,2335.0,1605.0,0.0,827.0,0.0,1556.0,1362.0,0.0,0.0,0.0,0.0,0.0,0.0,0.0,0.0,0.0,0.0,0.0,0.0,0.0,0.0,0.0,0.0,0.0,0.0,0.0,0.0,243.0,0.0,0.0,0.0,535.0
58,,Montenegro,,,,,,,,,,,,,,,,,,,,,,,,,,,,,,,,,,,,,0.0,97.0,0.0,0.0,0.0,0.0,0.0,0.0,0.0,0.0,0.0,0.0,0.0,0.0,0.0,0.0,0.0,0.0,0.0,0.0,0.0,0.0,0.0,0.0,0.0,0.0,0.0,0.0,0.0,0.0,730.0,0.0,0.0,0.0,0.0
59,,Nepal,,,,,,,,,,,,,,,,,,,,,,,,,,,,,,,,,,,,,0.0,0.0,49.0,0.0,0.0,0.0,0.0,0.0,0.0,0.0,0.0,0.0,0.0,0.0,0.0,0.0,0.0,0.0,0.0,0.0,0.0,0.0,0.0,0.0,0.0,0.0,0.0,0.0,0.0,0.0,0.0,0.0,0.0,0.0,0.0
60,,Netherlands,,,,,,,,,,,,,,,,,,,,,,,,,,,,,,,,,,,,,4766.0,16488.0,3405.0,1751.0,584.0,49.0,0.0,0.0,0.0,0.0,0.0,0.0,0.0,0.0,0.0,0.0,0.0,0.0,0.0,0.0,0.0,0.0,0.0,49.0,0.0,0.0,0.0,0.0,0.0,0.0,924.0,0.0,0.0,0.0,0.0
61,,New Zealand,,,,,,,,,,,,,,,,,,,,,,,,,,,,,,,,,,,,,9436.0,16926.0,5885.0,3064.0,0.0,2286.0,1654.0,0.0,0.0,97.0,584.0,0.0,0.0,0.0,0.0,535.0,0.0,0.0,0.0,0.0,0.0,0.0,1410.0,0.0,0.0,0.0,0.0,0.0,2626.0,146.0,0.0,0.0,875.0,0.0,0.0
62,,Nicaragua,,,,,,,,,,,,,,,,,,,,,,,,,,,,,,,,,,,,,1119.0,0.0,0.0,0.0,0.0,0.0,0.0,0.0,0.0,0.0,0.0,0.0,0.0,0.0,0.0,0.0,0.0,0.0,0.0,0.0,0.0,0.0,0.0,0.0,0.0,0.0,0.0,0.0,0.0,0.0,0.0,0.0,0.0,0.0,0.0
63,,Nigeria,,,,,,,,,,,,,,,,,,,,,,,,,,,,,,,,,,,,,0.0,0.0,0.0,0.0,0.0,0.0,0.0,97.0,0.0,0.0,0.0,0.0,0.0,0.0,0.0,0.0,0.0,0.0,0.0,0.0,0.0,0.0,0.0,0.0,0.0,0.0,0.0,0.0,0.0,0.0,0.0,0.0,0.0,0.0,0.0
64,,Norway,,,,,,,,,,,,,,,,,,,,,,,,,,,,,,,,,,,,,1945.0,8317.0,0.0,0.0,97.0,49.0,0.0,0.0,97.0,0.0,0.0,0.0,0.0,0.0,0.0,0.0,0.0,0.0,0.0,0.0,0.0,0.0,0.0,0.0,0.0,0.0,49.0,1702.0,0.0,0.0,2237.0,0.0,0.0,0.0,0.0
65,,Pakistan,,,,,,,,,,,,,,,,,,,,,,,,,,,,,,,,,,,,,0.0,195.0,195.0,0.0,0.0,0.0,0.0,49.0,0.0,0.0,0.0,0.0,0.0,0.0,0.0,0.0,0.0,0.0,0.0,0.0,0.0,0.0,0.0,0.0,0.0,0.0,0.0,0.0,0.0,0.0,0.0,0.0,0.0,0.0,0.0
66,,Panama,,,,,,,,,,,,,,,,,,,,,,,,,,,,,,,,,,,,,0.0,2432.0,0.0,0.0,0.0,0.0,0.0,0.0,0.0,0.0,0.0,0.0,0.0,0.0,0.0,0.0,0.0,0.0,0.0,0.0,0.0,0.0,0.0,0.0,0.0,0.0,0.0,0.0,0.0,0.0,0.0,0.0,0.0,0.0,0.0
67,,Peru,,,,,,,,,,,,,,,,,,,,,,,,,,,,,,,,,,,,,2286.0,2383.0,0.0,97.0,0.0,0.0,0.0,0.0,0.0,0.0,0.0,0.0,0.0,0.0,0.0,0.0,0.0,0.0,0.0,0.0,0.0,0.0,0.0,0.0,0.0,0.0,0.0,0.0,0.0,0.0,0.0,0.0,0.0,0.0,0.0
68,,Philippines,,,,,,,,,,,,,,,,,,,,,,,,,,,,,,,,,,,,,2870.0,19698.0,3113.0,0.0,195.0,0.0,0.0,0.0,681.0,0.0,0.0,681.0,0.0,0.0,0.0,0.0,0.0,0.0,0.0,0.0,0.0,0.0,0.0,0.0,0.0,0.0,0.0,0.0,340.0,0.0,730.0,486.0,0.0,0.0,0.0
69,,Poland,,,,,,,,,,,,,,,,,,,,,,,,,,,,,,,,,,,,,0.0,1605.0,0.0,0.0,0.0,0.0,0.0,0.0,0.0,0.0,0.0,0.0,0.0,0.0,0.0,0.0,0.0,0.0,0.0,0.0,0.0,0.0,0.0,0.0,0.0,0.0,0.0,0.0,0.0,0.0,486.0,632.0,486.0,0.0,0.0
70,,Portugal,,,,,,,,,,,,,,,,,,,,,,,,,,,,,,,,,,,,,0.0,7587.0,1459.0,0.0,0.0,0.0,0.0,0.0,0.0,0.0,0.0,0.0,0.0,0.0,0.0,0.0,0.0,0.0,0.0,0.0,0.0,0.0,0.0,0.0,0.0,0.0,0.0,0.0,438.0,0.0,0.0,0.0,0.0,0.0,0.0
71,,Puerto Rico,,,,,,,,,,,,,,,,,,,,,,,,,,,,,,,,,,,,,1945.0,4134.0,243.0,0.0,0.0,0.0,0.0,0.0,0.0,0.0,0.0,0.0,0.0,0.0,0.0,0.0,0.0,0.0,0.0,0.0,0.0,0.0,0.0,0.0,0.0,0.0,0.0,0.0,0.0,0.0,1265.0,0.0,0.0,0.0,0.0
72,,Qatar,,,,,,,,,,,,,,,,,,,,,,,,,,,,,,,,,,,,,1654.0,0.0,0.0,0.0,0.0,0.0,0.0,0.0,0.0,0.0,0.0,0.0,0.0,0.0,0.0,0.0,0.0,0.0,0.0,0.0,0.0,0.0,0.0,0.0,0.0,0.0,0.0,0.0,0.0,0.0,0.0,0.0,0.0,0.0,0.0
73,,Romania,,,,,,,,,,,,,,,,,,,,,,,,,,,,,,,,,,,,,584.0,6323.0,778.0,1556.0,389.0,778.0,0.0,827.0,0.0,584.0,0.0,49.0,0.0,0.0,0.0,0.0,0.0,0.0,0.0,0.0,0.0,0.0,438.0,0.0,0.0,0.0,0.0,0.0,584.0,0.0,0.0,146.0,0.0,0.0,0.0
74,,Russia,,,,,,,,,,,,,,,,,,,,,,,,,,,,,,,,,,,,,0.0,6177.0,1410.0,146.0,0.0,0.0,0.0,0.0,0.0,0.0,0.0,0.0,0.0,0.0,0.0,0.0,0.0,0.0,0.0,0.0,0.0,0.0,0.0,0.0,0.0,0.0,0.0,0.0,0.0,0.0,0.0,0.0,0.0,0.0,0.0
75,,RÌ©union,,,,,,,,,,,,,,,,,,,,,,,,,,,,,,,,,,,,,0.0,535.0,0.0,0.0,0.0,0.0,0.0,0.0,0.0,0.0,0.0,0.0,0.0,0.0,0.0,0.0,0.0,0.0,0.0,0.0,0.0,0.0,0.0,0.0,0.0,0.0,0.0,0.0,0.0,0.0,0.0,0.0,0.0,0.0,0.0
76,,Saudi Arabia,,,,,,,,,,,,,,,,,,,,,,,,,,,,,,,,,,,,,0.0,2335.0,0.0,0.0,0.0,0.0,0.0,0.0,0.0,0.0,0.0,0.0,0.0,0.0,0.0,0.0,0.0,0.0,0.0,0.0,0.0,0.0,0.0,0.0,0.0,0.0,0.0,0.0,0.0,0.0,0.0,0.0,0.0,0.0,0.0
77,,Serbia,,,,,,,,,,,,,,,,,,,,,,,,,,,,,,,,,,,,,3161.0,3161.0,97.0,0.0,0.0,0.0,0.0,0.0,0.0,0.0,0.0,632.0,0.0,0.0,0.0,0.0,0.0,0.0,0.0,0.0,0.0,0.0,0.0,0.0,0.0,0.0,0.0,0.0,0.0,0.0,1216.0,49.0,146.0,0.0,0.0
78,,Singapore,,,,,,,,,,,,,,,,,,,,,,,,,,,,,,,,,,,,,2189.0,18142.0,1265.0,292.0,1070.0,49.0,1751.0,0.0,0.0,0.0,0.0,0.0,0.0,0.0,0.0,0.0,0.0,0.0,0.0,0.0,0.0,0.0,0.0,0.0,0.0,0.0,0.0,0.0,49.0,0.0,2432.0,0.0,0.0,0.0,0.0
79,,Slovakia,,,,,,,,,,,,,,,,,,,,,,,,,,,,,,,,,,,,,0.0,1848.0,0.0,0.0,0.0,0.0,584.0,0.0,0.0,0.0,0.0,0.0,0.0,0.0,0.0,0.0,0.0,0.0,0.0,0.0,0.0,0.0,0.0,0.0,0.0,0.0,0.0,0.0,0.0,0.0,0.0,0.0,0.0,0.0,0.0
80,,Slovenia,,,,,,,,,,,,,,,,,,,,,,,,,,,,,,,,,,,,,0.0,0.0,0.0,0.0,0.0,0.0,0.0,584.0,0.0,0.0,0.0,0.0,0.0,0.0,0.0,0.0,0.0,0.0,0.0,0.0,0.0,0.0,0.0,0.0,0.0,0.0,0.0,0.0,0.0,0.0,0.0,0.0,0.0,0.0,0.0
81,,South Africa,,,,,,,,,,,,,,,,,,,,,,,,,,,,,,,,,,,,,1070.0,14105.0,1070.0,0.0,0.0,0.0,1313.0,2237.0,1459.0,0.0,0.0,0.0,0.0,0.0,0.0,0.0,0.0,0.0,0.0,0.0,0.0,0.0,0.0,0.0,0.0,0.0,0.0,0.0,0.0,0.0,584.0,0.0,0.0,0.0,0.0
82,,South Korea,,,,,,,,,,,,,,,,,,,,,,,,,,,,,,,,,,,,,4669.0,5010.0,0.0,535.0,0.0,0.0,0.0,0.0,1751.0,0.0,0.0,0.0,0.0,0.0,0.0,0.0,0.0,0.0,0.0,0.0,0.0,0.0,0.0,0.0,0.0,0.0,0.0,1265.0,0.0,0.0,1021.0,0.0,0.0,0.0,0.0
83,,Spain,,,,,,,,,,,,,,,,,,,,,,,,,,,,,,,,,,,,,1897.0,9679.0,486.0,389.0,0.0,438.0,195.0,0.0,0.0,0.0,0.0,0.0,0.0,0.0,0.0,0.0,0.0,0.0,0.0,0.0,0.0,0.0,486.0,0.0,0.0,0.0,0.0,1410.0,1556.0,49.0,1021.0,0.0,1362.0,0.0,0.0
84,,Sri Lanka,,,,,,,,,,,,,,,,,,,,,,,,,,,,,,,,,,,,,0.0,2821.0,0.0,0.0,0.0,0.0,0.0,0.0,0.0,0.0,0.0,0.0,0.0,0.0,0.0,0.0,0.0,0.0,0.0,0.0,0.0,0.0,0.0,0.0,0.0,0.0,0.0,0.0,0.0,0.0,0.0,0.0,0.0,0.0,0.0
85,,Sweden,,,,,,,,,,,,,,,,,,,,,,,,,,,,,,,,,,,,,4183.0,7198.0,1605.0,584.0,0.0,0.0,0.0,0.0,0.0,0.0,0.0,0.0,0.0,0.0,0.0,0.0,0.0,0.0,0.0,0.0,0.0,0.0,0.0,0.0,0.0,0.0,0.0,0.0,1119.0,0.0,827.0,778.0,0.0,0.0,0.0
86,,Switzerland,,,,,,,,,,,,,,,,,,,,,,,,,,,,,,,,,,,,,0.0,9533.0,146.0,0.0,0.0,0.0,0.0,0.0,0.0,0.0,0.0,0.0,0.0,0.0,0.0,0.0,0.0,0.0,0.0,0.0,0.0,0.0,0.0,0.0,0.0,0.0,0.0,0.0,875.0,0.0,146.0,49.0,0.0,1216.0,0.0
87,,Taiwan,,,,,,,,,,,,,,,,,,,,,,,,,,,,,,,,,,,,,1265.0,340.0,292.0,0.0,0.0,0.0,0.0,0.0,0.0,0.0,0.0,0.0,0.0,0.0,0.0,0.0,0.0,0.0,0.0,0.0,0.0,0.0,0.0,0.0,0.0,0.0,0.0,0.0,0.0,0.0,0.0,584.0,0.0,0.0,0.0
88,,Thailand,,,,,,,,,,,,,,,,,,,,,,,,,,,,,,,,,,,,,243.0,5934.0,195.0,0.0,0.0,0.0,0.0,0.0,0.0,0.0,0.0,0.0,0.0,0.0,0.0,0.0,0.0,0.0,0.0,340.0,0.0,0.0,0.0,0.0,0.0,0.0,0.0,0.0,0.0,0.0,0.0,97.0,0.0,0.0,0.0
89,,Trinidad and Tobago,,,,,,,,,,,,,,,,,,,,,,,,,,,,,,,,,,,,,584.0,97.0,0.0,0.0,0.0,0.0,0.0,0.0,0.0,0.0,0.0,0.0,0.0,0.0,0.0,0.0,0.0,0.0,0.0,0.0,0.0,0.0,0.0,0.0,0.0,0.0,0.0,0.0,0.0,0.0,0.0,584.0,0.0,0.0,0.0
90,,Turkey,,,,,,,,,,,,,,,,,,,,,,,,,,,,,,,,,,,,,0.0,7879.0,632.0,97.0,3307.0,1265.0,438.0,292.0,0.0,0.0,0.0,0.0,0.0,0.0,0.0,0.0,0.0,0.0,0.0,0.0,0.0,0.0,0.0,0.0,0.0,0.0,0.0,0.0,0.0,0.0,0.0,1313.0,0.0,0.0,0.0
91,,Turks and Caicos Islands,,,,,,,,,,,,,,,,,,,,,,,,,,,,,,,,,,,,,0.0,681.0,0.0,0.0,0.0,0.0,0.0,0.0,0.0,0.0,0.0,0.0,0.0,0.0,0.0,0.0,0.0,0.0,0.0,0.0,0.0,0.0,0.0,0.0,0.0,0.0,0.0,0.0,0.0,0.0,0.0,0.0,0.0,0.0,0.0
92,,Uganda,,,,,,,,,,,,,,,,,,,,,,,,,,,,,,,,,,,,,0.0,0.0,49.0,0.0,0.0,0.0,0.0,0.0,0.0,0.0,0.0,0.0,0.0,0.0,0.0,0.0,0.0,0.0,0.0,0.0,0.0,0.0,486.0,0.0,0.0,0.0,0.0,0.0,0.0,0.0,0.0,0.0,0.0,0.0,0.0
93,,Ukraine,,,,,,,,,,,,,,,,,,,,,,,,,,,,,,,,,,,,,0.0,2043.0,0.0,0.0,778.0,0.0,0.0,0.0,0.0,0.0,0.0,0.0,0.0,0.0,0.0,0.0,0.0,0.0,0.0,0.0,0.0,0.0,0.0,0.0,0.0,0.0,0.0,0.0,0.0,0.0,0.0,0.0,0.0,0.0,0.0
94,,United Arab Emirates,,,,,,,,,,,,,,,,,,,,,,,,,,,,,,,,,,,,,243.0,14834.0,0.0,0.0,0.0,0.0,0.0,1070.0,0.0,0.0,0.0,0.0,0.0,0.0,0.0,0.0,0.0,0.0,0.0,0.0,0.0,0.0,0.0,0.0,0.0,0.0,0.0,0.0,0.0,0.0,97.0,0.0,0.0,0.0,0.0
95,,United Kingdom,,,,,,,,,,,,,,,,,,,,,,,,,,,,,,,,,,,,,22227.0,495615.0,123588.0,66439.0,17996.0,6858.0,2918.0,4134.0,292.0,3405.0,0.0,49.0,0.0,0.0,1410.0,195.0,0.0,195.0,0.0,0.0,0.0,0.0,0.0,97.0,535.0,0.0,0.0,2724.0,7733.0,146.0,52723.0,39639.0,11381.0,730.0,0.0
96,,United States,,,,,,,,,,,,,,,,,,,,,,,,,,,,,,,,,,,,,1144875.0,1939124.0,385305.0,156856.0,103744.0,70135.0,55641.0,37256.0,16877.0,5447.0,25389.0,10846.0,9241.0,9582.0,924.0,6712.0,3307.0,5107.0,5885.0,3210.0,6420.0,1167.0,11722.0,4766.0,2432.0,535.0,2578.0,69795.0,77917.0,17266.0,298439.0,81079.0,41001.0,12500.0,6371.0
97,,Uruguay,,,,,,,,,,,,,,,,,,,,,,,,,,,,,,,,,,,,,0.0,973.0,0.0,0.0,0.0,0.0,0.0,0.0,0.0,0.0,0.0,0.0,0.0,0.0,0.0,0.0,0.0,0.0,0.0,0.0,0.0,0.0,0.0,0.0,0.0,0.0,0.0,0.0,0.0,0.0,0.0,0.0,0.0,0.0,0.0
98,,Venezuela,,,,,,,,,,,,,,,,,,,,,,,,,,,,,,,,,,,,,0.0,1508.0,0.0,0.0,0.0,0.0,0.0,0.0,0.0,0.0,0.0,0.0,0.0,0.0,0.0,0.0,0.0,0.0,0.0,0.0,0.0,0.0,0.0,0.0,0.0,0.0,0.0,0.0,0.0,0.0,0.0,0.0,0.0,0.0,0.0
99,,Vietnam,,,,,,,,,,,,,,,,,,,,,,,,,,,,,,,,,,,,,0.0,146.0,0.0,0.0,0.0,0.0,0.0,0.0,0.0,0.0,0.0,0.0,0.0,0.0,0.0,0.0,0.0,0.0,0.0,0.0,0.0,0.0,0.0,0.0,0.0,0.0,0.0,0.0,0.0,0.0,0.0,0.0,0.0,0.0,0.0
