CityCountry,Latitude,Longitude,city,country,20150212,Language20150212,20150213,Language20150213,20150214,Language20150214,20150215,Language20150215,20150216,Language20150216,20150217,Language20150217,20150218,Language20150218,20150219,Language20150219,20150220,Language20150220,20150221,Language20150221,20150222,Language20150222,20150223,Language20150223,20150224,Language20150224,20150225,Language20150225,20150226,Language20150226,20150227,Language20150227,20150228,Language20150228,20150301,Language20150301,20150302,Language20150302,20150303,Language20150303,20150304,Language20150304,20150305,Language20150305,20150306,Language20150306,20150307,Language20150307,20150308,Language20150308,20150309,Language20150309
A Coruna-Spain0,43.3623,-8.4115,A Coruna,Spain,0,,0.0,en,0.0,en,0.0,en,0.0,en,0.0,en,0.0,en,0.0,en,0.0,en,0.0,en,0.0,en,0.0,en,0.0,en,0.0,en,112.0,en,112.0,en,112.0,en,112.0,en,112.0,en,112.0,en,112.0,en,112.0,en,112.0,en,112.0,en,112.0,en,112.0,en
Aachen-Germany0,50.7753,6.0839,Aachen,Germany,0,,0.0,en,0.0,en,0.0,en,0.0,en,0.0,en,0.0,en,0.0,en,0.0,en,0.0,en,0.0,en,0.0,en,0.0,en,0.0,en,0.0,en,138.0,en,138.0,en,138.0,en,138.0,en,138.0,en,138.0,en,138.0,en,138.0,en,138.0,en,138.0,en,138.0,en
Aberdeen-United Kingdom0,57.1497,-2.0943,Aberdeen,United Kingdom,0,,0.0,en,0.0,en,0.0,en,0.0,en,0.0,en,0.0,en,0.0,en,0.0,en,0.0,en,0.0,en,0.0,en,250.0,en,457.0,en,457.0,en,578.0,en,690.0,en,690.0,en,828.0,en,828.0,en,828.0,en,828.0,en,828.0,en,828.0,en,828.0,en,828.0,en
Albufeira-Portugal0,37.0891,-8.2479,Albufeira,Portugal,0,,0.0,en,0.0,en,0.0,en,0.0,en,0.0,en,0.0,en,0.0,en,0.0,en,0.0,en,0.0,en,0.0,en,0.0,en,0.0,en,0.0,en,0.0,en,0.0,en,0.0,en,0.0,en,164.0,en,164.0,en,164.0,en,164.0,en,164.0,en,164.0,en,164.0,en
Alges-Portugal0,38.7009,-9.231,Alges,Portugal,0,,0.0,en,0.0,en,0.0,en,0.0,en,0.0,en,0.0,en,0.0,en,0.0,en,0.0,en,0.0,en,0.0,en,0.0,en,0.0,en,0.0,en,0.0,en,0.0,en,0.0,en,0.0,en,121.0,en,121.0,en,121.0,en,121.0,en,121.0,en,121.0,en,121.0,en
Almada-Portugal0,38.6765,-9.1651,Almada,Portugal,0,,0.0,en,0.0,en,0.0,en,0.0,en,0.0,en,0.0,en,0.0,en,0.0,en,0.0,en,0.0,en,0.0,en,0.0,en,0.0,en,0.0,en,0.0,en,138.0,en,259.0,en,578.0,en,1122.0,en,1277.0,en,1277.0,en,1277.0,en,1277.0,en,1277.0,en,1277.0,en
Alverca do Ribatejo-Portugal0,38.9022,-9.0397,Alverca do Ribatejo,Portugal,0,,0.0,en,0.0,en,0.0,en,0.0,en,0.0,en,0.0,en,0.0,en,0.0,en,0.0,en,0.0,en,0.0,en,0.0,en,0.0,en,0.0,en,0.0,en,104.0,en,104.0,en,346.0,en,821.0,en,821.0,en,821.0,en,821.0,en,821.0,en,821.0,en,821.0,en
Amadora-Portugal0,38.7578,-9.2245,Amadora,Portugal,0,,0.0,en,0.0,en,0.0,en,0.0,en,0.0,en,0.0,en,0.0,en,0.0,en,0.0,en,0.0,en,0.0,en,0.0,en,0.0,en,138.0,en,138.0,en,371.0,en,552.0,en,811.0,en,1536.0,en,1709.0,en,1709.0,en,1709.0,en,1709.0,en,1709.0,en,1709.0,en
Amsterdam-Netherlands0,52.3702,4.8952,Amsterdam,Netherlands,0,,0.0,en,259.0,en,613.0,en,1079.0,en,1381.0,en,1683.0,en,1795.0,en,1795.0,en,1795.0,en,1795.0,en,1933.0,en,2580.0,en,4082.0,en,4376.0,en,5049.0,en,5619.0,en,6111.0,en,6577.0,en,7190.0,en,8045.0,en,8667.0,en,8779.0,en,8960.0,en,8960.0,en,8960.0,en
Antrim-United Kingdom0,54.7136,-6.2143,Antrim,United Kingdom,0,,0.0,en,0.0,en,155.0,en,155.0,en,155.0,en,155.0,en,155.0,en,155.0,en,155.0,en,155.0,en,155.0,en,155.0,en,155.0,en,155.0,en,155.0,en,155.0,en,155.0,en,155.0,en,155.0,en,155.0,en,155.0,en,155.0,en,155.0,en,155.0,en,155.0,en
Antwerp-Belgium0,51.2194,4.4025,Antwerp,Belgium,0,,0.0,en,0.0,en,0.0,en,0.0,en,0.0,en,207.0,en,362.0,en,362.0,en,362.0,en,362.0,en,362.0,en,362.0,en,362.0,en,362.0,en,362.0,en,362.0,en,362.0,en,466.0,en,466.0,en,1174.0,en,1278.0,en,1278.0,en,1278.0,en,1278.0,en,1278.0,en
Athens-Greece0,37.9839,23.7294,Athens,Greece,0,,216.0,en,553.0,en,553.0,en,3246.0,en,5249.0,en,7217.0,en,9125.0,en,11145.0,en,13156.0,en,15038.0,en,17930.0,en,20468.0,en,22851.0,en,24491.0,en,26925.0,en,29377.0,en,32062.0,en,34073.0,en,35454.0,en,36481.0,en,36688.0,en,36688.0,en,36809.0,en,36809.0,en,36809.0,en
Augsburg-Germany0,48.3705,10.8978,Augsburg,Germany,0,,0.0,en,0.0,en,0.0,en,0.0,en,0.0,en,0.0,en,0.0,en,0.0,en,0.0,en,0.0,en,0.0,en,0.0,en,0.0,en,0.0,en,164.0,en,164.0,en,164.0,en,164.0,en,164.0,en,164.0,en,164.0,en,164.0,en,164.0,en,164.0,en,164.0,en
Aveiro-Portugal0,40.6405,-8.6538,Aveiro,Portugal,0,,0.0,en,0.0,en,0.0,en,0.0,en,0.0,en,0.0,en,0.0,en,0.0,en,0.0,en,0.0,en,0.0,en,0.0,en,0.0,en,104.0,en,104.0,en,104.0,en,104.0,en,216.0,en,829.0,en,829.0,en,829.0,en,829.0,en,829.0,en,829.0,en,829.0,en
Barcelona-Spain0,41.38,2.18,Barcelona,Spain,0,,0.0,en,173.0,en,311.0,en,440.0,en,440.0,en,639.0,en,889.0,en,1096.0,en,1312.0,en,1485.0,en,1684.0,en,1943.0,en,2211.0,en,2971.0,en,3705.0,en,4137.0,en,4431.0,en,4716.0,en,5156.0,en,5303.0,en,5424.0,en,5623.0,en,5752.0,en,5752.0,en,5752.0,en
Barreiro-Portugal0,38.6608,-9.0791,Barreiro,Portugal,0,,0.0,en,0.0,en,0.0,en,0.0,en,0.0,en,0.0,en,0.0,en,0.0,en,0.0,en,0.0,en,0.0,en,0.0,en,0.0,en,0.0,en,0.0,en,0.0,en,0.0,en,0.0,en,181.0,en,181.0,en,181.0,en,181.0,en,181.0,en,181.0,en,181.0,en
Bath-United Kingdom0,51.3758,-2.3599,Bath,United Kingdom,0,,0.0,en,0.0,en,0.0,en,0.0,en,0.0,en,0.0,en,0.0,en,0.0,en,0.0,en,0.0,en,0.0,en,173.0,en,173.0,en,173.0,en,173.0,en,173.0,en,173.0,en,173.0,en,294.0,en,294.0,en,294.0,en,294.0,en,294.0,en,294.0,en,294.0,en
Beja-Portugal0,38.0153,-7.8627,Beja,Portugal,0,,0.0,en,0.0,en,0.0,en,0.0,en,0.0,en,0.0,en,0.0,en,0.0,en,0.0,en,0.0,en,0.0,en,0.0,en,0.0,en,0.0,en,0.0,en,0.0,en,0.0,en,0.0,en,129.0,en,129.0,en,129.0,en,129.0,en,129.0,en,129.0,en,129.0,en
Belfast-United Kingdom0,54.5973,-5.9301,Belfast,United Kingdom,0,,501.0,en,1287.0,en,3566.0,en,4671.0,en,5560.0,en,6691.0,en,7425.0,en,7969.0,en,8124.0,en,8633.0,en,9013.0,en,9453.0,en,9677.0,en,9901.0,en,10134.0,en,10419.0,en,10807.0,en,11204.0,en,11204.0,en,12119.0,en,12369.0,en,12507.0,en,12619.0,en,12619.0,en,12619.0,en
Berlin-Germany0,52.52,13.405,Berlin,Germany,0,,0.0,en,138.0,en,138.0,en,138.0,en,138.0,en,242.0,en,242.0,en,346.0,en,346.0,en,346.0,en,605.0,en,942.0,en,1175.0,en,1840.0,en,3981.0,en,4689.0,en,5121.0,en,6235.0,en,7780.0,en,9109.0,en,9912.0,en,10378.0,en,10542.0,en,10542.0,en,10542.0,en
Bialystok-Poland0,53.1325,23.1688,Bialystok,Poland,0,,0.0,en,0.0,en,104.0,en,104.0,en,104.0,en,104.0,en,104.0,en,104.0,en,104.0,en,208.0,en,208.0,en,208.0,en,208.0,en,329.0,en,484.0,en,484.0,en,613.0,en,613.0,en,613.0,en,613.0,en,613.0,en,613.0,en,613.0,en,613.0,en,613.0,en
Bielefeld-Germany0,52.0302,8.5325,Bielefeld,Germany,0,,0.0,en,0.0,en,0.0,en,0.0,en,0.0,en,0.0,en,0.0,en,0.0,en,0.0,en,0.0,en,0.0,en,0.0,en,0.0,en,0.0,en,138.0,en,138.0,en,138.0,en,138.0,en,138.0,en,138.0,en,138.0,en,138.0,en,138.0,en,138.0,en,138.0,en
Birmingham-United Kingdom0,52.4862,-1.8904,Birmingham,United Kingdom,0,,0.0,en,0.0,en,0.0,en,0.0,en,0.0,en,0.0,en,0.0,en,0.0,en,0.0,en,0.0,en,0.0,en,432.0,en,570.0,en,725.0,en,941.0,en,1122.0,en,1269.0,en,1519.0,en,1640.0,en,1761.0,en,1761.0,en,1761.0,en,1761.0,en,1761.0,en,1761.0,en
Bochum-Germany0,51.4818,7.2162,Bochum,Germany,0,,0.0,en,0.0,en,0.0,en,0.0,en,0.0,en,0.0,en,0.0,en,0.0,en,0.0,en,0.0,en,0.0,en,0.0,en,0.0,en,0.0,en,112.0,en,112.0,en,112.0,en,112.0,en,112.0,en,112.0,en,112.0,en,112.0,en,112.0,en,112.0,en,112.0,en
Bonn-Germany0,50.7374,7.0982,Bonn,Germany,0,,0.0,en,0.0,en,0.0,en,0.0,en,0.0,en,0.0,en,0.0,en,0.0,en,0.0,en,0.0,en,0.0,en,0.0,en,0.0,en,0.0,en,199.0,en,199.0,en,199.0,en,199.0,en,199.0,en,337.0,en,337.0,en,337.0,en,337.0,en,337.0,en,337.0,en
Botosani-Romania0,47.7486,26.6694,Botosani,Romania,0,,665.0,en,665.0,en,665.0,en,1304.0,en,2098.0,en,2728.0,en,3160.0,en,3160.0,en,3160.0,en,3160.0,en,3419.0,en,3419.0,en,3419.0,en,3419.0,en,3419.0,en,3419.0,en,3419.0,en,3419.0,en,3419.0,en,3419.0,en,3419.0,en,3419.0,en,3419.0,en,3419.0,en,3419.0,en
Braga-Portugal0,41.5454,-8.4265,Braga,Portugal,0,,0.0,en,0.0,en,0.0,en,0.0,en,0.0,en,0.0,en,0.0,en,0.0,en,0.0,en,0.0,en,0.0,en,0.0,en,0.0,en,0.0,en,0.0,en,155.0,en,155.0,en,155.0,en,647.0,en,647.0,en,647.0,en,647.0,en,647.0,en,647.0,en,647.0,en
Bratislava-Slovakia0,48.1459,17.1071,Bratislava,Slovakia,0,,0.0,en,181.0,en,302.0,en,431.0,en,535.0,en,535.0,en,535.0,en,535.0,en,535.0,en,535.0,en,535.0,en,535.0,en,535.0,en,535.0,en,535.0,en,639.0,en,898.0,en,1882.0,en,1882.0,en,1882.0,en,2003.0,en,2227.0,en,2443.0,en,2728.0,en,2728.0,en
Bremen-Germany0,53.0793,8.8017,Bremen,Germany,0,,0.0,en,0.0,en,0.0,en,0.0,en,0.0,en,0.0,en,0.0,en,0.0,en,0.0,en,0.0,en,0.0,en,0.0,en,0.0,en,112.0,en,371.0,en,371.0,en,371.0,en,371.0,en,371.0,en,483.0,en,483.0,en,483.0,en,483.0,en,483.0,en,483.0,en
Brighton-United Kingdom0,50.8225,-0.1372,Brighton,United Kingdom,0,,0.0,en,0.0,en,0.0,en,0.0,en,0.0,en,0.0,en,0.0,en,0.0,en,0.0,en,0.0,en,0.0,en,371.0,en,544.0,en,734.0,en,933.0,en,1106.0,en,1106.0,en,1235.0,en,1356.0,en,1529.0,en,1529.0,en,1529.0,en,1529.0,en,1529.0,en,1529.0,en
Bristol-United Kingdom0,51.4545,-2.5879,Bristol,United Kingdom,0,,0.0,en,129.0,en,129.0,en,129.0,en,129.0,en,129.0,en,129.0,en,129.0,en,129.0,en,129.0,en,129.0,en,673.0,en,949.0,en,1156.0,en,1406.0,en,1605.0,en,1605.0,en,1804.0,en,1933.0,en,1933.0,en,1933.0,en,1933.0,en,1933.0,en,1933.0,en,1933.0,en
Brno-Czech Republic0,49.1951,16.6068,Brno,Czech Republic,0,,0.0,en,0.0,en,0.0,en,0.0,en,0.0,en,0.0,en,0.0,en,0.0,en,0.0,en,0.0,en,0.0,en,0.0,en,0.0,en,0.0,en,0.0,en,0.0,en,0.0,en,302.0,en,302.0,en,302.0,en,302.0,en,302.0,en,302.0,en,302.0,en,302.0,en
Brunswick-Germany0,52.2689,10.5268,Brunswick,Germany,0,,0.0,en,0.0,en,0.0,en,0.0,en,0.0,en,0.0,en,0.0,en,0.0,en,0.0,en,0.0,en,0.0,en,0.0,en,0.0,en,0.0,en,181.0,en,181.0,en,181.0,en,181.0,en,181.0,en,181.0,en,181.0,en,181.0,en,181.0,en,181.0,en,181.0,en
Brussels-Belgium0,50.8503,4.3517,Brussels,Belgium,0,,0.0,en,155.0,en,155.0,en,155.0,en,155.0,en,1053.0,en,1934.0,en,2098.0,en,2245.0,en,2245.0,en,2245.0,en,2504.0,en,2659.0,en,2788.0,en,3004.0,en,3168.0,en,3289.0,en,3574.0,en,3764.0,en,3911.0,en,3911.0,en,3911.0,en,3911.0,en,3911.0,en,3911.0,en
Bucharest-Romania0,44.4268,26.1025,Bucharest,Romania,0,,509.0,en,820.0,en,820.0,en,1390.0,en,1761.0,en,2158.0,en,2408.0,en,2563.0,en,2692.0,en,2891.0,en,2891.0,en,3133.0,en,3418.0,en,3712.0,en,4092.0,en,4420.0,en,4765.0,en,4998.0,en,5594.0,en,5801.0,en,5801.0,en,5801.0,en,5801.0,en,5801.0,en,5801.0,en
Budapest-Hungary0,47.4979,19.0402,Budapest,Hungary,0,,0.0,en,164.0,en,164.0,en,311.0,en,311.0,en,311.0,en,311.0,en,311.0,en,311.0,en,311.0,en,751.0,en,1243.0,en,1407.0,en,1407.0,en,1588.0,en,1743.0,en,1743.0,en,3910.0,en,4014.0,en,4014.0,en,4238.0,en,4549.0,en,4903.0,en,5127.0,en,5282.0,en
Burgas-Bulgaria0,42.5048,27.4626,Burgas,Bulgaria,0,,0.0,en,0.0,en,0.0,en,0.0,en,0.0,en,0.0,en,0.0,en,0.0,en,0.0,en,0.0,en,0.0,en,0.0,en,0.0,en,0.0,en,0.0,en,0.0,en,0.0,en,138.0,en,138.0,en,138.0,en,138.0,en,138.0,en,138.0,en,138.0,en,138.0,en
Bydgoszcz-Poland0,53.1235,18.0084,Bydgoszcz,Poland,0,,0.0,en,0.0,en,0.0,en,0.0,en,0.0,en,0.0,en,0.0,en,0.0,en,0.0,en,0.0,en,0.0,en,0.0,en,121.0,en,268.0,en,397.0,en,397.0,en,397.0,en,397.0,en,397.0,en,397.0,en,397.0,en,397.0,en,397.0,en,397.0,en,397.0,en
Cambridge-United Kingdom0,52.2053,0.1218,Cambridge,United Kingdom,0,,0.0,en,0.0,en,0.0,en,0.0,en,0.0,en,0.0,en,0.0,en,0.0,en,0.0,en,0.0,en,0.0,en,319.0,en,569.0,en,707.0,en,811.0,en,966.0,en,966.0,en,1199.0,en,1303.0,en,1303.0,en,1303.0,en,1303.0,en,1303.0,en,1303.0,en,1303.0,en
Canterbury-United Kingdom0,51.2802,1.0789,Canterbury,United Kingdom,0,,0.0,en,0.0,en,0.0,en,0.0,en,0.0,en,0.0,en,0.0,en,0.0,en,0.0,en,0.0,en,0.0,en,0.0,en,147.0,en,147.0,en,147.0,en,147.0,en,147.0,en,147.0,en,147.0,en,147.0,en,147.0,en,147.0,en,147.0,en,147.0,en,147.0,en
Cardiff-United Kingdom0,51.4816,-3.1791,Cardiff,United Kingdom,0,,0.0,en,0.0,en,0.0,en,0.0,en,0.0,en,0.0,en,0.0,en,0.0,en,0.0,en,0.0,en,0.0,en,276.0,en,431.0,en,560.0,en,715.0,en,836.0,en,836.0,en,1017.0,en,1017.0,en,1017.0,en,1017.0,en,1017.0,en,1017.0,en,1017.0,en,1017.0,en
Cascais-Portugal0,38.6971,-9.4223,Cascais,Portugal,0,,0.0,en,0.0,en,0.0,en,0.0,en,0.0,en,0.0,en,0.0,en,0.0,en,0.0,en,0.0,en,0.0,en,0.0,en,0.0,en,0.0,en,0.0,en,0.0,en,0.0,en,104.0,en,259.0,en,259.0,en,259.0,en,259.0,en,259.0,en,259.0,en,259.0,en
Castelo Branco-Portugal0,39.8197,-7.4965,Castelo Branco,Portugal,0,,0.0,en,0.0,en,0.0,en,0.0,en,0.0,en,0.0,en,0.0,en,0.0,en,0.0,en,0.0,en,0.0,en,0.0,en,0.0,en,0.0,en,0.0,en,0.0,en,0.0,en,0.0,en,181.0,en,181.0,en,181.0,en,181.0,en,181.0,en,181.0,en,181.0,en
Chalandri-Greece0,38.0223,23.8049,Chalandri,Greece,0,,0.0,en,0.0,en,0.0,en,104.0,en,104.0,en,104.0,en,104.0,en,104.0,en,208.0,en,208.0,en,208.0,en,208.0,en,208.0,en,208.0,en,208.0,en,208.0,en,208.0,en,208.0,en,208.0,en,208.0,en,208.0,en,208.0,en,208.0,en,208.0,en,208.0,en
Charleroi-Belgium0,50.4108,4.4446,Charleroi,Belgium,0,,0.0,en,0.0,en,0.0,en,0.0,en,0.0,en,0.0,en,0.0,en,0.0,en,0.0,en,0.0,en,0.0,en,0.0,en,0.0,en,0.0,en,0.0,en,0.0,en,0.0,en,0.0,en,0.0,en,0.0,en,0.0,en,129.0,en,129.0,en,129.0,en,129.0,en
Cluj-Napoca-Romania0,46.7667,23.5833,ClujNapoca,Romania,0,,0.0,en,0.0,en,0.0,en,0.0,en,0.0,en,0.0,en,0.0,en,0.0,en,0.0,en,0.0,en,0.0,en,0.0,en,0.0,en,0.0,en,0.0,en,0.0,en,0.0,en,0.0,en,104.0,en,104.0,en,104.0,en,104.0,en,104.0,en,104.0,en,104.0,en
Coimbra-Portugal0,40.2033,-8.4103,Coimbra,Portugal,0,,0.0,en,0.0,en,0.0,en,0.0,en,0.0,en,0.0,en,0.0,en,0.0,en,0.0,en,0.0,en,0.0,en,173.0,en,285.0,en,414.0,en,414.0,en,414.0,en,414.0,en,587.0,en,1571.0,en,1761.0,en,1761.0,en,1761.0,en,1761.0,en,1761.0,en,1761.0,en
Cologne-Germany0,50.9375,6.9603,Cologne,Germany,0,,0.0,en,0.0,en,0.0,en,0.0,en,0.0,en,0.0,en,0.0,en,0.0,en,0.0,en,0.0,en,0.0,en,0.0,en,0.0,en,164.0,en,967.0,en,1079.0,en,1183.0,en,1183.0,en,1183.0,en,1675.0,en,1779.0,en,1779.0,en,1779.0,en,1779.0,en,1779.0,en
Copenhagen-Denmark0,55.6761,12.5683,Copenhagen,Denmark,0,,0.0,en,121.0,en,121.0,en,121.0,en,121.0,en,121.0,en,121.0,en,121.0,en,121.0,en,121.0,en,242.0,en,242.0,en,242.0,en,242.0,en,406.0,en,596.0,en,596.0,en,596.0,en,596.0,en,596.0,en,596.0,en,596.0,en,596.0,en,596.0,en,596.0,en
Coventry-United Kingdom0,52.4068,-1.5197,Coventry,United Kingdom,0,,0.0,en,0.0,en,0.0,en,0.0,en,0.0,en,0.0,en,0.0,en,0.0,en,0.0,en,0.0,en,0.0,en,190.0,en,389.0,en,389.0,en,493.0,en,493.0,en,493.0,en,597.0,en,597.0,en,597.0,en,597.0,en,597.0,en,597.0,en,597.0,en,597.0,en
Croydon-United Kingdom0,51.3762,-0.0982,Croydon,United Kingdom,0,,0.0,en,0.0,en,0.0,en,0.0,en,0.0,en,0.0,en,0.0,en,0.0,en,0.0,en,0.0,en,0.0,en,216.0,en,216.0,en,328.0,en,440.0,en,440.0,en,440.0,en,561.0,en,665.0,en,829.0,en,829.0,en,829.0,en,829.0,en,829.0,en,829.0,en
Darmstadt-Germany0,49.8728,8.6512,Darmstadt,Germany,0,,0.0,en,0.0,en,0.0,en,0.0,en,0.0,en,0.0,en,0.0,en,0.0,en,0.0,en,0.0,en,0.0,en,0.0,en,0.0,en,138.0,en,138.0,en,138.0,en,138.0,en,138.0,en,138.0,en,138.0,en,138.0,en,138.0,en,138.0,en,138.0,en,138.0,en
Dortmund-Germany0,51.5136,7.4653,Dortmund,Germany,0,,0.0,en,0.0,en,0.0,en,0.0,en,0.0,en,0.0,en,0.0,en,0.0,en,0.0,en,0.0,en,0.0,en,0.0,en,0.0,en,207.0,en,509.0,en,509.0,en,509.0,en,509.0,en,509.0,en,509.0,en,509.0,en,509.0,en,509.0,en,509.0,en,509.0,en
Dreieich-Germany0,50.0295,8.6949,Dreieich,Germany,0,,0.0,en,0.0,en,0.0,en,0.0,en,0.0,en,0.0,en,0.0,en,0.0,en,0.0,en,0.0,en,0.0,en,129.0,en,241.0,en,241.0,en,241.0,en,241.0,en,241.0,en,241.0,en,241.0,en,241.0,en,241.0,en,241.0,en,241.0,en,241.0,en,241.0,en
Dresden-Germany0,51.0504,13.7373,Dresden,Germany,0,,0.0,en,0.0,en,0.0,en,0.0,en,0.0,en,0.0,en,0.0,en,0.0,en,0.0,en,0.0,en,0.0,en,0.0,en,0.0,en,129.0,en,483.0,en,483.0,en,483.0,en,483.0,en,483.0,en,483.0,en,483.0,en,483.0,en,483.0,en,483.0,en,483.0,en
Dublin-Ireland0,53.3498,-6.2603,Dublin,Ireland,0,,129.0,en,569.0,en,897.0,en,1121.0,en,1225.0,en,1225.0,en,1225.0,en,1225.0,en,1225.0,en,1225.0,en,1622.0,en,2166.0,en,2546.0,en,2900.0,en,4091.0,en,4816.0,en,5058.0,en,5377.0,en,5584.0,en,5774.0,en,5774.0,en,5774.0,en,5774.0,en,5895.0,en,5999.0,en
Duisburg-Germany0,51.4344,6.7623,Duisburg,Germany,0,,0.0,en,0.0,en,0.0,en,0.0,en,0.0,en,0.0,en,0.0,en,0.0,en,0.0,en,0.0,en,0.0,en,0.0,en,0.0,en,0.0,en,104.0,en,104.0,en,104.0,en,104.0,en,104.0,en,104.0,en,104.0,en,104.0,en,104.0,en,104.0,en,104.0,en
Dundee-United Kingdom0,56.461999999999996,-2.9707,Dundee,United Kingdom,0,,0.0,en,0.0,en,0.0,en,0.0,en,0.0,en,0.0,en,0.0,en,0.0,en,0.0,en,0.0,en,0.0,en,121.0,en,121.0,en,121.0,en,242.0,en,242.0,en,242.0,en,242.0,en,242.0,en,242.0,en,242.0,en,242.0,en,242.0,en,242.0,en,242.0,en
Durham-United Kingdom0,54.7752,-1.5849,Durham,United Kingdom,0,,0.0,en,0.0,en,0.0,en,0.0,en,0.0,en,0.0,en,0.0,en,0.0,en,0.0,en,0.0,en,0.0,en,129.0,en,129.0,en,129.0,en,129.0,en,129.0,en,129.0,en,129.0,en,129.0,en,129.0,en,129.0,en,129.0,en,129.0,en,129.0,en,129.0,en
Dusseldorf-Germany0,51.2277,6.7735,Dusseldorf,Germany,0,,0.0,en,0.0,en,0.0,en,0.0,en,0.0,en,0.0,en,0.0,en,0.0,en,0.0,en,0.0,en,0.0,en,0.0,en,129.0,en,397.0,en,1623.0,en,1934.0,en,2141.0,en,2391.0,en,2693.0,en,2840.0,en,2840.0,en,2840.0,en,2840.0,en,2840.0,en,2840.0,en
Edinburgh-United Kingdom0,55.9533,-3.1883,Edinburgh,United Kingdom,0,,112.0,en,311.0,en,613.0,en,768.0,en,923.0,en,1122.0,en,1122.0,en,1226.0,en,1226.0,en,1226.0,en,1330.0,en,2193.0,en,2651.0,en,2893.0,en,3437.0,en,3929.0,en,4058.0,en,4472.0,en,4696.0,en,5007.0,en,5007.0,en,5007.0,en,5007.0,en,5007.0,en,5007.0,en
Entroncamento-Portugal0,39.4611,-8.4788,Entroncamento,Portugal,0,,0.0,en,0.0,en,0.0,en,0.0,en,0.0,en,0.0,en,0.0,en,0.0,en,0.0,en,0.0,en,0.0,en,0.0,en,0.0,en,0.0,en,0.0,en,0.0,en,0.0,en,0.0,en,216.0,en,216.0,en,216.0,en,216.0,en,216.0,en,216.0,en,216.0,en
Essen-Germany0,51.4556,7.0116,Essen,Germany,0,,0.0,en,0.0,en,0.0,en,0.0,en,0.0,en,0.0,en,0.0,en,0.0,en,0.0,en,0.0,en,0.0,en,0.0,en,0.0,en,0.0,en,129.0,en,129.0,en,129.0,en,129.0,en,129.0,en,129.0,en,129.0,en,129.0,en,129.0,en,129.0,en,129.0,en
Evora-Portugal0,38.5714,-7.9135,Evora,Portugal,0,,0.0,en,0.0,en,0.0,en,0.0,en,0.0,en,0.0,en,0.0,en,0.0,en,0.0,en,0.0,en,0.0,en,0.0,en,0.0,en,0.0,en,0.0,en,0.0,en,0.0,en,0.0,en,259.0,en,259.0,en,259.0,en,259.0,en,259.0,en,259.0,en,259.0,en
Exeter-United Kingdom0,50.7184,-3.5339,Exeter,United Kingdom,0,,0.0,en,0.0,en,0.0,en,0.0,en,0.0,en,0.0,en,0.0,en,0.0,en,0.0,en,0.0,en,0.0,en,181.0,en,285.0,en,285.0,en,285.0,en,285.0,en,285.0,en,414.0,en,414.0,en,414.0,en,414.0,en,414.0,en,414.0,en,414.0,en,414.0,en
Faro-Portugal0,37.0194,-7.9304,Faro,Portugal,0,,0.0,en,0.0,en,0.0,en,0.0,en,0.0,en,0.0,en,0.0,en,0.0,en,0.0,en,0.0,en,0.0,en,0.0,en,0.0,en,0.0,en,0.0,en,0.0,en,0.0,en,0.0,en,199.0,en,199.0,en,199.0,en,199.0,en,199.0,en,199.0,en,199.0,en
Felgueiras-Portugal0,41.3664,-8.1972,Felgueiras,Portugal,0,,0.0,en,0.0,en,0.0,en,0.0,en,0.0,en,0.0,en,0.0,en,0.0,en,0.0,en,0.0,en,0.0,en,0.0,en,0.0,en,0.0,en,0.0,en,0.0,en,0.0,en,0.0,en,104.0,en,104.0,en,104.0,en,104.0,en,104.0,en,104.0,en,104.0,en
Florence-Italy0,43.771,11.248,Florence,Italy,0,,0.0,en,0.0,en,0.0,en,0.0,en,0.0,en,0.0,en,0.0,en,0.0,en,0.0,en,0.0,en,0.0,en,0.0,en,0.0,en,0.0,en,0.0,en,112.0,en,112.0,en,112.0,en,112.0,en,112.0,en,112.0,en,112.0,en,112.0,en,112.0,en,112.0,en
Frankfurt-Germany0,50.1109,8.6821,Frankfurt,Germany,0,,0.0,en,0.0,en,0.0,en,0.0,en,0.0,en,0.0,en,0.0,en,0.0,en,0.0,en,0.0,en,0.0,en,0.0,en,0.0,en,164.0,en,811.0,en,940.0,en,940.0,en,940.0,en,940.0,en,1199.0,en,1199.0,en,1199.0,en,1199.0,en,1199.0,en,1199.0,en
Freiburg-Germany0,47.998999999999995,7.8421,Freiburg,Germany,0,,0.0,en,0.0,en,0.0,en,0.0,en,0.0,en,0.0,en,0.0,en,0.0,en,0.0,en,0.0,en,0.0,en,0.0,en,0.0,en,0.0,en,199.0,en,199.0,en,199.0,en,199.0,en,199.0,en,199.0,en,199.0,en,199.0,en,199.0,en,199.0,en,199.0,en
Fuenlabrada-Spain0,40.2902,-3.8035,Fuenlabrada,Spain,0,,0.0,en,0.0,en,0.0,en,0.0,en,0.0,en,0.0,en,0.0,en,0.0,en,0.0,en,0.0,en,0.0,en,0.0,en,0.0,en,0.0,en,104.0,en,104.0,en,104.0,en,104.0,en,104.0,en,104.0,en,104.0,en,104.0,en,104.0,en,104.0,en,104.0,en
Funchal-Portugal0,32.6669,-16.9241,Funchal,Portugal,0,,0.0,en,0.0,en,0.0,en,0.0,en,0.0,en,0.0,en,0.0,en,0.0,en,0.0,en,0.0,en,0.0,en,0.0,en,0.0,en,0.0,en,0.0,en,0.0,en,0.0,en,0.0,en,250.0,en,250.0,en,250.0,en,250.0,en,250.0,en,250.0,en,250.0,en
Gdansk-Poland0,54.352,18.6466,Gdansk,Poland,0,,104.0,en,104.0,en,251.0,en,251.0,en,251.0,en,251.0,en,251.0,en,251.0,en,251.0,en,251.0,en,251.0,en,251.0,en,251.0,en,743.0,en,1071.0,en,1226.0,en,1338.0,en,1338.0,en,1493.0,en,1493.0,en,1493.0,en,1493.0,en,1493.0,en,1493.0,en,1493.0,en
Gdynia-Poland0,54.5189,18.5305,Gdynia,Poland,0,,0.0,en,0.0,en,0.0,en,0.0,en,0.0,en,0.0,en,0.0,en,0.0,en,0.0,en,0.0,en,0.0,en,0.0,en,0.0,en,104.0,en,104.0,en,104.0,en,104.0,en,104.0,en,104.0,en,104.0,en,104.0,en,104.0,en,104.0,en,104.0,en,104.0,en
Ghent-Belgium0,51.0543,3.7174,Ghent,Belgium,0,,0.0,en,0.0,en,0.0,en,0.0,en,0.0,en,216.0,en,415.0,en,415.0,en,415.0,en,415.0,en,415.0,en,415.0,en,415.0,en,415.0,en,415.0,en,415.0,en,415.0,en,415.0,en,415.0,en,700.0,en,700.0,en,700.0,en,700.0,en,700.0,en,700.0,en
Giethoorn-Netherlands0,52.7402,6.077999999999999,Giethoorn,Netherlands,0,,0.0,en,0.0,en,0.0,en,0.0,en,0.0,en,0.0,en,0.0,en,0.0,en,0.0,en,0.0,en,0.0,en,0.0,en,0.0,en,0.0,en,0.0,en,0.0,en,0.0,en,0.0,en,0.0,en,147.0,en,147.0,en,147.0,en,147.0,en,147.0,en,147.0,en
Gijon-Spain0,43.5322,-5.6611,Gijon,Spain,0,,0.0,en,0.0,en,0.0,en,0.0,en,0.0,en,0.0,en,0.0,en,0.0,en,0.0,en,0.0,en,0.0,en,0.0,en,121.0,en,121.0,en,121.0,en,121.0,en,121.0,en,121.0,en,121.0,en,121.0,en,121.0,en,121.0,en,121.0,en,121.0,en,121.0,en
Glasgow-United Kingdom0,55.8642,-4.2518,Glasgow,United Kingdom,0,,0.0,en,147.0,en,285.0,en,285.0,en,285.0,en,285.0,en,285.0,en,285.0,en,285.0,en,285.0,en,458.0,en,993.0,en,1295.0,en,1399.0,en,1882.0,en,2124.0,en,2279.0,en,2642.0,en,2771.0,en,2952.0,en,2952.0,en,2952.0,en,2952.0,en,2952.0,en,2952.0,en
Godollo-Hungary0,47.6008,19.3605,Godollo,Hungary,0,,0.0,en,0.0,en,0.0,en,0.0,en,0.0,en,0.0,en,0.0,en,0.0,en,0.0,en,0.0,en,0.0,en,0.0,en,0.0,en,0.0,en,0.0,en,0.0,en,0.0,en,147.0,en,147.0,en,147.0,en,147.0,en,147.0,en,147.0,en,147.0,en,147.0,en
Groningen-Netherlands0,53.2194,6.5665,Groningen,Netherlands,0,,0.0,en,0.0,en,0.0,en,0.0,en,0.0,en,0.0,en,0.0,en,0.0,en,0.0,en,0.0,en,0.0,en,0.0,en,0.0,en,0.0,en,0.0,en,0.0,en,0.0,en,0.0,en,155.0,en,328.0,en,328.0,en,328.0,en,328.0,en,328.0,en,328.0,en
Guarda-Portugal0,40.5383,-7.2661,Guarda,Portugal,0,,0.0,en,0.0,en,0.0,en,0.0,en,0.0,en,0.0,en,0.0,en,0.0,en,0.0,en,0.0,en,0.0,en,0.0,en,0.0,en,0.0,en,0.0,en,0.0,en,0.0,en,0.0,en,121.0,en,121.0,en,121.0,en,121.0,en,121.0,en,121.0,en,121.0,en
Guildford-United Kingdom0,51.2362,-0.5704,Guildford,United Kingdom,0,,0.0,en,0.0,en,0.0,en,0.0,en,0.0,en,0.0,en,0.0,en,0.0,en,0.0,en,0.0,en,0.0,en,129.0,en,241.0,en,241.0,en,241.0,en,241.0,en,241.0,en,241.0,en,241.0,en,241.0,en,241.0,en,241.0,en,241.0,en,241.0,en,241.0,en
Guimaraes-Portugal0,41.4425,-8.2918,Guimaraes,Portugal,0,,0.0,en,0.0,en,0.0,en,0.0,en,0.0,en,0.0,en,0.0,en,0.0,en,0.0,en,0.0,en,0.0,en,0.0,en,0.0,en,0.0,en,0.0,en,0.0,en,0.0,en,0.0,en,173.0,en,173.0,en,173.0,en,173.0,en,173.0,en,173.0,en,173.0,en
Hamburg-Germany0,53.5511,9.9937,Hamburg,Germany,0,,0.0,en,0.0,en,0.0,en,0.0,en,0.0,en,0.0,en,0.0,en,0.0,en,0.0,en,0.0,en,0.0,en,164.0,en,328.0,en,587.0,en,1493.0,en,1787.0,en,1942.0,en,2054.0,en,2183.0,en,2520.0,en,2520.0,en,2520.0,en,2520.0,en,2520.0,en,2520.0,en
Hanover-Germany0,52.3759,9.732000000000001,Hanover,Germany,0,,0.0,en,0.0,en,0.0,en,0.0,en,0.0,en,0.0,en,0.0,en,0.0,en,0.0,en,0.0,en,0.0,en,0.0,en,0.0,en,0.0,en,328.0,en,483.0,en,483.0,en,483.0,en,483.0,en,595.0,en,595.0,en,595.0,en,595.0,en,595.0,en,595.0,en
Hasselt-Belgium0,50.9307,5.3325,Hasselt,Belgium,0,,0.0,en,0.0,en,0.0,en,0.0,en,0.0,en,0.0,en,0.0,en,0.0,en,0.0,en,0.0,en,0.0,en,0.0,en,0.0,en,0.0,en,0.0,en,0.0,en,0.0,en,147.0,en,147.0,en,147.0,en,147.0,en,147.0,en,147.0,en,147.0,en,147.0,en
Helsinki-Finland0,60.1699,24.9384,Helsinki,Finland,0,,0.0,en,147.0,en,147.0,en,147.0,en,147.0,en,147.0,en,147.0,en,147.0,en,147.0,en,147.0,en,147.0,en,268.0,en,372.0,en,545.0,en,726.0,en,916.0,en,916.0,en,1210.0,en,1357.0,en,1357.0,en,1357.0,en,1469.0,en,1469.0,en,1469.0,en,1469.0,en
Heraklion-Greece0,35.3387,25.1442,Heraklion,Greece,0,,0.0,en,0.0,en,0.0,en,0.0,en,0.0,en,0.0,en,0.0,en,0.0,en,104.0,en,104.0,en,104.0,en,104.0,en,104.0,en,104.0,en,104.0,en,208.0,en,208.0,en,208.0,en,208.0,en,208.0,en,208.0,en,208.0,en,208.0,en,208.0,en,208.0,en
Kalamata-Greece0,37.0738,22.0953,Kalamata,Greece,0,,0.0,en,0.0,en,0.0,en,138.0,en,138.0,en,138.0,en,138.0,en,138.0,en,138.0,en,138.0,en,138.0,en,138.0,en,138.0,en,138.0,en,138.0,en,138.0,en,138.0,en,138.0,en,138.0,en,138.0,en,138.0,en,138.0,en,138.0,en,138.0,en,138.0,en
Karlsruhe-Germany0,49.0069,8.4037,Karlsruhe,Germany,0,,0.0,en,0.0,en,0.0,en,0.0,en,0.0,en,0.0,en,0.0,en,0.0,en,0.0,en,0.0,en,0.0,en,0.0,en,0.0,en,0.0,en,147.0,en,147.0,en,147.0,en,147.0,en,147.0,en,147.0,en,147.0,en,147.0,en,147.0,en,147.0,en,147.0,en
Katowice-Poland0,50.2649,19.0238,Katowice,Poland,0,,0.0,en,121.0,en,121.0,en,121.0,en,121.0,en,121.0,en,121.0,en,121.0,en,121.0,en,121.0,en,225.0,en,225.0,en,389.0,en,708.0,en,924.0,en,1045.0,en,1200.0,en,1200.0,en,1200.0,en,1200.0,en,1200.0,en,1200.0,en,1200.0,en,1200.0,en,1200.0,en
Kaunas-Lithuania0,54.8985,23.9036,Kaunas,Lithuania,0,,0.0,en,0.0,en,0.0,en,0.0,en,138.0,en,259.0,en,259.0,en,397.0,en,397.0,en,397.0,en,397.0,en,397.0,en,397.0,en,397.0,en,570.0,en,708.0,en,708.0,en,812.0,en,812.0,en,812.0,en,812.0,en,812.0,en,812.0,en,812.0,en,812.0,en
Kiel-Germany0,54.3233,10.1228,Kiel,Germany,0,,0.0,en,0.0,en,0.0,en,0.0,en,0.0,en,0.0,en,0.0,en,0.0,en,0.0,en,0.0,en,0.0,en,0.0,en,0.0,en,0.0,en,224.0,en,224.0,en,224.0,en,224.0,en,224.0,en,224.0,en,224.0,en,224.0,en,224.0,en,224.0,en,224.0,en
Kielce-Poland0,50.8661,20.6286,Kielce,Poland,0,,0.0,en,0.0,en,0.0,en,0.0,en,0.0,en,0.0,en,0.0,en,0.0,en,0.0,en,0.0,en,0.0,en,0.0,en,0.0,en,0.0,en,155.0,en,155.0,en,155.0,en,155.0,en,155.0,en,155.0,en,155.0,en,155.0,en,155.0,en,155.0,en,155.0,en
Koblenz-Germany0,50.3569,7.5889999999999995,Koblenz,Germany,0,,0.0,en,0.0,en,0.0,en,0.0,en,0.0,en,0.0,en,0.0,en,0.0,en,0.0,en,0.0,en,0.0,en,0.0,en,0.0,en,0.0,en,104.0,en,104.0,en,104.0,en,104.0,en,104.0,en,104.0,en,104.0,en,104.0,en,104.0,en,104.0,en,104.0,en
Kozani-Greece0,40.3177,21.7376,Kozani,Greece,0,,0.0,en,0.0,en,0.0,en,0.0,en,0.0,en,0.0,en,0.0,en,0.0,en,0.0,en,0.0,en,0.0,en,0.0,en,0.0,en,0.0,en,0.0,en,112.0,en,241.0,en,241.0,en,241.0,en,241.0,en,241.0,en,241.0,en,241.0,en,241.0,en,241.0,en
Krakow-Poland0,50.0647,19.945,Krakow,Poland,0,,224.0,en,466.0,en,734.0,en,1010.0,en,1174.0,en,1174.0,en,1347.0,en,1451.0,en,1451.0,en,1701.0,en,1874.0,en,2219.0,en,2521.0,en,3168.0,en,3764.0,en,4101.0,en,4317.0,en,4507.0,en,4809.0,en,4809.0,en,4809.0,en,4809.0,en,4809.0,en,4809.0,en,4809.0,en
Larisa-Greece0,39.639,22.4191,Larisa,Greece,0,,0.0,en,0.0,en,0.0,en,0.0,en,0.0,en,0.0,en,104.0,en,104.0,en,104.0,en,104.0,en,104.0,en,104.0,en,104.0,en,104.0,en,104.0,en,104.0,en,104.0,en,104.0,en,104.0,en,104.0,en,104.0,en,104.0,en,104.0,en,104.0,en,104.0,en
Leeds-United Kingdom0,53.8008,-1.5491,Leeds,United Kingdom,0,,0.0,en,190.0,en,190.0,en,190.0,en,190.0,en,190.0,en,190.0,en,190.0,en,190.0,en,190.0,en,190.0,en,760.0,en,950.0,en,1088.0,en,1321.0,en,1545.0,en,1545.0,en,1856.0,en,1994.0,en,2193.0,en,2193.0,en,2193.0,en,2193.0,en,2193.0,en,2193.0,en
Leeuwarden-Netherlands0,53.2012,5.7999,Leeuwarden,Netherlands,0,,0.0,en,0.0,en,0.0,en,0.0,en,0.0,en,0.0,en,0.0,en,0.0,en,0.0,en,0.0,en,0.0,en,0.0,en,0.0,en,0.0,en,0.0,en,0.0,en,0.0,en,0.0,en,0.0,en,121.0,en,121.0,en,121.0,en,121.0,en,121.0,en,121.0,en
Leicester-United Kingdom0,52.6369,-1.1398,Leicester,United Kingdom,0,,0.0,en,0.0,en,0.0,en,0.0,en,0.0,en,0.0,en,0.0,en,0.0,en,0.0,en,0.0,en,0.0,en,207.0,en,336.0,en,474.0,en,603.0,en,603.0,en,603.0,en,707.0,en,707.0,en,845.0,en,845.0,en,845.0,en,845.0,en,845.0,en,845.0,en
Leiden-Netherlands0,52.1601,4.497,Leiden,Netherlands,0,,0.0,en,0.0,en,0.0,en,0.0,en,0.0,en,0.0,en,0.0,en,0.0,en,0.0,en,0.0,en,0.0,en,0.0,en,0.0,en,0.0,en,0.0,en,0.0,en,0.0,en,0.0,en,147.0,en,147.0,en,147.0,en,147.0,en,147.0,en,147.0,en,147.0,en
Leipzig-Germany0,51.3397,12.3731,Leipzig,Germany,0,,0.0,en,0.0,en,0.0,en,0.0,en,0.0,en,0.0,en,0.0,en,0.0,en,0.0,en,0.0,en,0.0,en,0.0,en,0.0,en,104.0,en,354.0,en,354.0,en,354.0,en,354.0,en,354.0,en,354.0,en,354.0,en,354.0,en,354.0,en,354.0,en,354.0,en
Leiria-Portugal0,39.7495,-8.8077,Leiria,Portugal,0,,0.0,en,0.0,en,0.0,en,0.0,en,0.0,en,0.0,en,0.0,en,0.0,en,0.0,en,0.0,en,0.0,en,0.0,en,0.0,en,0.0,en,0.0,en,129.0,en,129.0,en,129.0,en,552.0,en,552.0,en,552.0,en,552.0,en,552.0,en,552.0,en,552.0,en
Liege-Belgium0,50.6326,5.5797,Liege,Belgium,0,,0.0,en,0.0,en,0.0,en,0.0,en,0.0,en,207.0,en,613.0,en,613.0,en,613.0,en,613.0,en,613.0,en,613.0,en,613.0,en,613.0,en,613.0,en,613.0,en,613.0,en,613.0,en,613.0,en,717.0,en,717.0,en,717.0,en,717.0,en,717.0,en,717.0,en
Liepaja-Latvia0,56.5056,21.0119,Liepaja,Latvia,0,,0.0,en,0.0,en,0.0,en,0.0,en,0.0,en,0.0,en,0.0,en,0.0,en,0.0,en,0.0,en,0.0,en,0.0,en,0.0,en,0.0,en,0.0,en,0.0,en,0.0,en,0.0,en,0.0,en,112.0,en,112.0,en,112.0,en,112.0,en,112.0,en,112.0,en
Limassol-Cyprus0,34.7071,33.0226,Limassol,Cyprus,0,,0.0,en,0.0,en,0.0,en,0.0,en,0.0,en,0.0,en,0.0,en,112.0,en,224.0,en,353.0,en,482.0,en,620.0,en,620.0,en,620.0,en,620.0,en,724.0,en,871.0,en,871.0,en,871.0,en,871.0,en,871.0,en,871.0,en,871.0,en,871.0,en,871.0,en
Limerick-Ireland0,52.668,-8.6305,Limerick,Ireland,0,,0.0,en,0.0,en,0.0,en,0.0,en,0.0,en,0.0,en,0.0,en,0.0,en,0.0,en,0.0,en,0.0,en,0.0,en,0.0,en,0.0,en,104.0,en,104.0,en,104.0,en,104.0,en,104.0,en,104.0,en,104.0,en,104.0,en,104.0,en,104.0,en,104.0,en
Lisbon-Portugal0,38.7223,-9.1393,Lisbon,Portugal,0,,138.0,en,328.0,en,501.0,en,639.0,en,933.0,en,1460.0,en,1866.0,en,2194.0,en,2444.0,en,2591.0,en,3333.0,en,4662.0,en,6086.0,en,7976.0,en,9064.0,en,11119.0,en,12379.0,en,15841.0,en,27598.0,en,29747.0,en,30230.0,en,30463.0,en,30653.0,en,30757.0,en,30861.0,en
Lisburn-United Kingdom0,54.5097,-6.0374,Lisburn,United Kingdom,0,,0.0,en,0.0,en,104.0,en,104.0,en,104.0,en,104.0,en,104.0,en,104.0,en,104.0,en,104.0,en,104.0,en,104.0,en,104.0,en,104.0,en,104.0,en,104.0,en,104.0,en,104.0,en,104.0,en,104.0,en,104.0,en,104.0,en,104.0,en,104.0,en,104.0,en
Liverpool-United Kingdom0,53.4084,-2.9916,Liverpool,United Kingdom,0,,0.0,en,147.0,en,251.0,en,251.0,en,251.0,en,251.0,en,251.0,en,251.0,en,251.0,en,251.0,en,251.0,en,562.0,en,743.0,en,743.0,en,907.0,en,907.0,en,907.0,en,1131.0,en,1235.0,en,1235.0,en,1235.0,en,1235.0,en,1235.0,en,1235.0,en,1235.0,en
Lodz-Poland0,51.7592,19.456,Lodz,Poland,0,,0.0,en,112.0,en,302.0,en,440.0,en,552.0,en,552.0,en,552.0,en,552.0,en,552.0,en,552.0,en,552.0,en,681.0,en,819.0,en,1113.0,en,1363.0,en,1587.0,en,1587.0,en,1725.0,en,1846.0,en,1846.0,en,1846.0,en,1846.0,en,1846.0,en,1846.0,en,1846.0,en
London-United Kingdom0,51.5074,-0.1278,London,United Kingdom,0,,630.0,en,3107.0,en,4419.0,en,5032.0,en,5705.0,en,6577.0,en,7293.0,en,7897.0,en,8044.0,en,8363.0,en,10228.0,en,18869.0,en,25499.0,en,29064.0,en,34546.0,en,38776.0,en,41012.0,en,46476.0,en,51362.0,en,56343.0,en,57137.0,en,57569.0,en,57828.0,en,58432.0,en,58967.0,en
Lublin-Poland0,51.2465,22.5684,Lublin,Poland,0,,0.0,en,0.0,en,173.0,en,173.0,en,173.0,en,173.0,en,173.0,en,173.0,en,173.0,en,173.0,en,173.0,en,173.0,en,173.0,en,423.0,en,570.0,en,760.0,en,760.0,en,760.0,en,864.0,en,864.0,en,864.0,en,864.0,en,864.0,en,864.0,en,864.0,en
Luxembourg City-Luxembourg0,49.6116,6.1319,Luxembourg City,Luxembourg,0,,0.0,en,0.0,en,0.0,en,0.0,en,0.0,en,0.0,en,0.0,en,0.0,en,0.0,en,0.0,en,0.0,en,0.0,en,0.0,en,0.0,en,0.0,en,0.0,en,0.0,en,0.0,en,544.0,en,1088.0,en,1217.0,en,1217.0,en,1217.0,en,1217.0,en,1217.0,en
Lyon-France0,45.763999999999996,4.8357,Lyon,France,0,,0.0,en,0.0,en,0.0,en,0.0,en,0.0,en,0.0,en,0.0,en,0.0,en,0.0,en,0.0,en,104.0,en,225.0,en,225.0,en,225.0,en,225.0,en,225.0,en,225.0,en,225.0,en,225.0,en,225.0,en,225.0,en,225.0,en,225.0,en,225.0,en,225.0,en
Madona-Latvia0,56.855,26.2255,Madona,Latvia,0,,0.0,en,0.0,en,0.0,en,104.0,en,104.0,en,104.0,en,104.0,en,104.0,en,104.0,en,104.0,en,104.0,en,225.0,en,225.0,en,225.0,en,225.0,en,225.0,en,225.0,en,225.0,en,225.0,en,225.0,en,225.0,en,225.0,en,225.0,en,225.0,en,225.0,en
Madrid-Spain0,40.4168,-3.7038,Madrid,Spain,0,,285.0,en,725.0,en,1027.0,en,1286.0,en,1908.0,en,2435.0,en,2944.0,en,3548.0,en,3790.0,en,4377.0,en,5042.0,en,5741.0,en,6622.0,en,8340.0,en,10187.0,en,11076.0,en,11706.0,en,12388.0,en,13243.0,en,14434.0,en,16445.0,en,19026.0,en,20830.0,en,22272.0,en,23550.0,en
Maia-Portugal0,41.2279,-8.621,Maia,Portugal,0,,0.0,en,0.0,en,0.0,en,0.0,en,0.0,en,0.0,en,0.0,en,0.0,en,0.0,en,0.0,en,0.0,en,0.0,en,0.0,en,0.0,en,0.0,en,0.0,en,0.0,en,0.0,en,242.0,en,242.0,en,242.0,en,242.0,en,242.0,en,242.0,en,242.0,en
Mainz-Germany0,49.9929,8.2473,Mainz,Germany,0,,0.0,en,0.0,en,0.0,en,0.0,en,0.0,en,0.0,en,0.0,en,0.0,en,0.0,en,0.0,en,0.0,en,0.0,en,0.0,en,0.0,en,173.0,en,173.0,en,173.0,en,173.0,en,173.0,en,173.0,en,173.0,en,173.0,en,173.0,en,173.0,en,173.0,en
Malaga-Spain0,36.7213,-4.4213,Malaga,Spain,0,,0.0,en,0.0,en,0.0,en,0.0,en,0.0,en,0.0,en,0.0,en,0.0,en,0.0,en,0.0,en,0.0,en,0.0,en,0.0,en,0.0,en,0.0,en,121.0,en,121.0,en,121.0,en,242.0,en,242.0,en,242.0,en,242.0,en,242.0,en,242.0,en,242.0,en
Manchester-United Kingdom0,53.4808,-2.2426,Manchester,United Kingdom,0,,0.0,en,112.0,en,112.0,en,112.0,en,112.0,en,112.0,en,112.0,en,112.0,en,112.0,en,112.0,en,112.0,en,734.0,en,1097.0,en,1425.0,en,1805.0,en,2055.0,en,2055.0,en,2349.0,en,2565.0,en,2669.0,en,2669.0,en,2669.0,en,2669.0,en,2669.0,en,2669.0,en
Mannheim-Germany0,49.4875,8.466000000000001,Mannheim,Germany,0,,0.0,en,0.0,en,0.0,en,0.0,en,0.0,en,0.0,en,0.0,en,0.0,en,0.0,en,0.0,en,0.0,en,0.0,en,0.0,en,0.0,en,250.0,en,250.0,en,250.0,en,250.0,en,250.0,en,250.0,en,250.0,en,250.0,en,250.0,en,250.0,en,250.0,en
Meppel-Netherlands0,52.6921,6.1937,Meppel,Netherlands,0,,0.0,en,0.0,en,0.0,en,0.0,en,0.0,en,0.0,en,0.0,en,0.0,en,0.0,en,0.0,en,0.0,en,0.0,en,0.0,en,0.0,en,0.0,en,0.0,en,0.0,en,0.0,en,112.0,en,345.0,en,466.0,en,466.0,en,466.0,en,466.0,en,466.0,en
Milan-Italy0,45.4654,9.1859,Milan,Italy,0,,0.0,en,121.0,en,121.0,en,233.0,en,233.0,en,233.0,en,233.0,en,233.0,en,233.0,en,233.0,en,233.0,en,337.0,en,492.0,en,492.0,en,699.0,en,880.0,en,880.0,en,1001.0,en,1001.0,en,1122.0,en,1122.0,en,1122.0,en,1122.0,en,1122.0,en,1122.0,en
Montijo-Portugal0,38.7056,-8.9741,Montijo,Portugal,0,,0.0,en,0.0,en,0.0,en,0.0,en,0.0,en,0.0,en,0.0,en,0.0,en,0.0,en,0.0,en,0.0,en,0.0,en,0.0,en,0.0,en,0.0,en,0.0,en,0.0,en,0.0,en,276.0,en,276.0,en,276.0,en,276.0,en,276.0,en,276.0,en,276.0,en
Montreuil-France0,48.8638,2.4485,Montreuil,France,0,,0.0,en,0.0,en,0.0,en,0.0,en,0.0,en,0.0,en,0.0,en,0.0,en,0.0,en,0.0,en,0.0,en,0.0,en,164.0,en,164.0,en,164.0,en,164.0,en,164.0,en,164.0,en,164.0,en,164.0,en,164.0,en,164.0,en,164.0,en,164.0,en,164.0,en
Mostoles-Spain0,40.3232,-3.8676,Mostoles,Spain,0,,0.0,en,0.0,en,0.0,en,0.0,en,0.0,en,0.0,en,0.0,en,0.0,en,0.0,en,0.0,en,0.0,en,0.0,en,0.0,en,0.0,en,0.0,en,0.0,en,0.0,en,0.0,en,0.0,en,0.0,en,0.0,en,0.0,en,0.0,en,0.0,en,104.0,en
Munich-Germany0,48.1351,11.582,Munich,Germany,0,,0.0,en,0.0,en,0.0,en,0.0,en,0.0,en,0.0,en,0.0,en,129.0,en,129.0,en,233.0,en,233.0,en,380.0,en,544.0,en,932.0,en,2417.0,en,2711.0,en,2910.0,en,3083.0,en,3359.0,en,3834.0,en,3834.0,en,3834.0,en,3834.0,en,3834.0,en,3834.0,en
Munster-Germany0,51.9607,7.6261,Munster,Germany,0,,0.0,en,0.0,en,0.0,en,0.0,en,0.0,en,0.0,en,0.0,en,0.0,en,0.0,en,0.0,en,0.0,en,0.0,en,0.0,en,0.0,en,181.0,en,181.0,en,181.0,en,181.0,en,181.0,en,181.0,en,181.0,en,181.0,en,181.0,en,181.0,en,181.0,en
Nagykanizsa-Hungary0,46.458999999999996,16.9897,Nagykanizsa,Hungary,0,,0.0,en,0.0,en,0.0,en,0.0,en,0.0,en,0.0,en,0.0,en,0.0,en,0.0,en,0.0,en,0.0,en,0.0,en,0.0,en,0.0,en,0.0,en,0.0,en,0.0,en,0.0,en,0.0,en,0.0,en,0.0,en,0.0,en,104.0,en,104.0,en,104.0,en
Namur-Belgium0,50.4674,4.872,Namur,Belgium,0,,0.0,en,0.0,en,0.0,en,0.0,en,0.0,en,0.0,en,129.0,en,129.0,en,129.0,en,129.0,en,129.0,en,129.0,en,129.0,en,129.0,en,129.0,en,129.0,en,129.0,en,129.0,en,129.0,en,129.0,en,129.0,en,129.0,en,129.0,en,129.0,en,129.0,en
Newcastle upon Tyne-United Kingdom0,54.9783,-1.6178,Newcastle upon Tyne,United Kingdom,0,,0.0,en,0.0,en,0.0,en,0.0,en,0.0,en,0.0,en,0.0,en,0.0,en,0.0,en,0.0,en,0.0,en,345.0,en,561.0,en,561.0,en,751.0,en,880.0,en,1001.0,en,1191.0,en,1320.0,en,1320.0,en,1320.0,en,1320.0,en,1320.0,en,1320.0,en,1320.0,en
Newtownards-United Kingdom0,54.5976,-5.6861,Newtownards,United Kingdom,0,,0.0,en,0.0,en,121.0,en,121.0,en,121.0,en,121.0,en,121.0,en,121.0,en,121.0,en,121.0,en,121.0,en,121.0,en,121.0,en,121.0,en,121.0,en,121.0,en,121.0,en,121.0,en,121.0,en,121.0,en,121.0,en,121.0,en,121.0,en,121.0,en,121.0,en
Nicosia-Cyprus0,35.1667,33.3667,Nicosia,Cyprus,0,,0.0,en,0.0,en,0.0,en,319.0,en,630.0,en,932.0,en,1191.0,en,1502.0,en,1873.0,en,2356.0,en,2658.0,en,3021.0,en,3349.0,en,3625.0,en,3875.0,en,4186.0,en,4454.0,en,4782.0,en,5050.0,en,5214.0,en,5214.0,en,5214.0,en,5214.0,en,5214.0,en,5214.0,en
Nijmegen-Netherlands0,51.8126,5.8372,Nijmegen,Netherlands,0,,0.0,en,0.0,en,0.0,en,0.0,en,0.0,en,0.0,en,0.0,en,0.0,en,0.0,en,0.0,en,0.0,en,0.0,en,0.0,en,0.0,en,0.0,en,0.0,en,0.0,en,0.0,en,121.0,en,121.0,en,121.0,en,121.0,en,121.0,en,121.0,en,121.0,en
Northampton-United Kingdom0,52.2405,-0.9027,Northampton,United Kingdom,0,,0.0,en,0.0,en,0.0,en,0.0,en,0.0,en,0.0,en,0.0,en,0.0,en,0.0,en,0.0,en,0.0,en,190.0,en,190.0,en,190.0,en,190.0,en,190.0,en,190.0,en,190.0,en,190.0,en,190.0,en,190.0,en,190.0,en,190.0,en,190.0,en,190.0,en
Norwich-United Kingdom0,52.6309,1.2974,Norwich,United Kingdom,0,,0.0,en,0.0,en,0.0,en,0.0,en,0.0,en,0.0,en,0.0,en,0.0,en,0.0,en,0.0,en,0.0,en,199.0,en,389.0,en,493.0,en,657.0,en,657.0,en,657.0,en,778.0,en,882.0,en,882.0,en,882.0,en,882.0,en,882.0,en,882.0,en,882.0,en
Nottingham-United Kingdom0,52.9548,-1.1581,Nottingham,United Kingdom,0,,0.0,en,0.0,en,0.0,en,0.0,en,0.0,en,0.0,en,0.0,en,0.0,en,0.0,en,0.0,en,0.0,en,406.0,en,527.0,en,656.0,en,837.0,en,975.0,en,975.0,en,1251.0,en,1424.0,en,1528.0,en,1528.0,en,1528.0,en,1528.0,en,1528.0,en,1528.0,en
Nuremberg-Germany0,49.452,11.0768,Nuremberg,Germany,0,,0.0,en,0.0,en,0.0,en,0.0,en,0.0,en,0.0,en,0.0,en,0.0,en,0.0,en,0.0,en,0.0,en,0.0,en,0.0,en,0.0,en,337.0,en,337.0,en,337.0,en,337.0,en,337.0,en,484.0,en,484.0,en,484.0,en,484.0,en,484.0,en,484.0,en
Oeiras-Portugal0,38.6969,-9.3146,Oeiras,Portugal,0,,0.0,en,0.0,en,0.0,en,0.0,en,0.0,en,0.0,en,0.0,en,0.0,en,0.0,en,0.0,en,0.0,en,0.0,en,0.0,en,0.0,en,0.0,en,164.0,en,164.0,en,164.0,en,777.0,en,950.0,en,950.0,en,950.0,en,950.0,en,950.0,en,950.0,en
Oldenburg-Germany0,53.1434,8.2146,Oldenburg,Germany,0,,0.0,en,0.0,en,0.0,en,0.0,en,0.0,en,0.0,en,0.0,en,0.0,en,0.0,en,0.0,en,0.0,en,0.0,en,0.0,en,0.0,en,121.0,en,121.0,en,121.0,en,121.0,en,121.0,en,121.0,en,121.0,en,121.0,en,121.0,en,121.0,en,121.0,en
Olomouc-Czech Republic0,49.5938,17.2509,Olomouc,Czech Republic,0,,0.0,en,0.0,en,0.0,en,0.0,en,0.0,en,0.0,en,0.0,en,0.0,en,0.0,en,0.0,en,0.0,en,0.0,en,0.0,en,0.0,en,0.0,en,0.0,en,0.0,en,147.0,en,147.0,en,147.0,en,147.0,en,147.0,en,147.0,en,147.0,en,147.0,en
Olsztyn-Poland0,53.7784,20.4801,Olsztyn,Poland,0,,0.0,en,0.0,en,0.0,en,0.0,en,0.0,en,0.0,en,0.0,en,0.0,en,0.0,en,0.0,en,0.0,en,0.0,en,0.0,en,0.0,en,129.0,en,129.0,en,129.0,en,129.0,en,129.0,en,258.0,en,258.0,en,258.0,en,258.0,en,258.0,en,258.0,en
Opole-Poland0,50.6751,17.9213,Opole,Poland,0,,0.0,en,0.0,en,0.0,en,0.0,en,0.0,en,0.0,en,0.0,en,0.0,en,0.0,en,0.0,en,0.0,en,0.0,en,0.0,en,112.0,en,112.0,en,112.0,en,112.0,en,112.0,en,112.0,en,112.0,en,112.0,en,112.0,en,112.0,en,112.0,en,112.0,en
Oslo-Norway0,59.9139,10.7522,Oslo,Norway,0,,0.0,en,0.0,en,0.0,en,0.0,en,0.0,en,0.0,en,0.0,en,0.0,en,0.0,en,0.0,en,0.0,en,0.0,en,173.0,en,311.0,en,432.0,en,596.0,en,596.0,en,777.0,en,777.0,en,777.0,en,777.0,en,777.0,en,777.0,en,777.0,en,777.0,en
Ostrava-Czech Republic0,49.8209,18.2625,Ostrava,Czech Republic,0,,0.0,en,0.0,en,0.0,en,0.0,en,0.0,en,0.0,en,0.0,en,0.0,en,0.0,en,0.0,en,0.0,en,0.0,en,0.0,en,0.0,en,0.0,en,0.0,en,0.0,en,164.0,en,164.0,en,164.0,en,164.0,en,164.0,en,164.0,en,164.0,en,164.0,en
Oxford-United Kingdom0,51.751999999999995,-1.2577,Oxford,United Kingdom,0,,0.0,en,0.0,en,0.0,en,0.0,en,0.0,en,0.0,en,0.0,en,0.0,en,0.0,en,0.0,en,0.0,en,440.0,en,682.0,en,803.0,en,1045.0,en,1045.0,en,1045.0,en,1347.0,en,1347.0,en,1347.0,en,1347.0,en,1347.0,en,1347.0,en,1347.0,en,1347.0,en
Palmela-Portugal0,38.5694,-8.9017,Palmela,Portugal,0,,0.0,en,0.0,en,0.0,en,0.0,en,0.0,en,0.0,en,0.0,en,0.0,en,0.0,en,0.0,en,0.0,en,0.0,en,0.0,en,0.0,en,0.0,en,0.0,en,0.0,en,0.0,en,181.0,en,181.0,en,181.0,en,181.0,en,181.0,en,181.0,en,181.0,en
Panevezys-Lithuania0,55.7348,24.3575,Panevezys,Lithuania,0,,0.0,en,0.0,en,0.0,en,0.0,en,138.0,en,138.0,en,138.0,en,138.0,en,138.0,en,138.0,en,138.0,en,138.0,en,138.0,en,138.0,en,293.0,en,405.0,en,405.0,en,405.0,en,405.0,en,405.0,en,405.0,en,405.0,en,405.0,en,405.0,en,405.0,en
Paris-France0,48.8566,2.3522,Paris,France,0,,311.0,en,812.0,en,1106.0,en,1106.0,en,1106.0,en,1348.0,en,1452.0,en,1452.0,en,1452.0,en,1452.0,en,2065.0,en,2851.0,en,3473.0,en,3887.0,en,4707.0,en,5251.0,en,5553.0,en,5829.0,en,6148.0,en,6424.0,en,6795.0,en,6795.0,en,6795.0,en,6795.0,en,6795.0,en
Parnu-Estonia0,58.3858,24.4966,Parnu,Estonia,0,,0.0,en,0.0,en,0.0,en,0.0,en,0.0,en,0.0,en,0.0,en,0.0,en,0.0,en,0.0,en,0.0,en,0.0,en,0.0,en,0.0,en,138.0,en,259.0,en,259.0,en,259.0,en,259.0,en,259.0,en,259.0,en,259.0,en,259.0,en,259.0,en,259.0,en
Patras-Greece0,38.2466,21.7346,Patras,Greece,0,,0.0,en,0.0,en,0.0,en,0.0,en,0.0,en,0.0,en,0.0,en,0.0,en,0.0,en,0.0,en,104.0,en,104.0,en,104.0,en,104.0,en,104.0,en,104.0,en,104.0,en,104.0,en,104.0,en,104.0,en,104.0,en,104.0,en,104.0,en,104.0,en,104.0,en
Pecs-Hungary0,46.0727,18.2323,Pecs,Hungary,0,,0.0,en,0.0,en,0.0,en,0.0,en,0.0,en,0.0,en,0.0,en,0.0,en,0.0,en,0.0,en,0.0,en,0.0,en,0.0,en,0.0,en,0.0,en,0.0,en,0.0,en,112.0,en,112.0,en,112.0,en,112.0,en,112.0,en,112.0,en,112.0,en,112.0,en
Peterborough-United Kingdom0,52.5695,-0.2405,Peterborough,United Kingdom,0,,0.0,en,0.0,en,0.0,en,0.0,en,0.0,en,0.0,en,0.0,en,0.0,en,0.0,en,0.0,en,0.0,en,129.0,en,129.0,en,129.0,en,129.0,en,129.0,en,129.0,en,129.0,en,129.0,en,129.0,en,129.0,en,129.0,en,129.0,en,129.0,en,129.0,en
Pleven-Bulgaria0,43.417,24.6067,Pleven,Bulgaria,0,,0.0,en,0.0,en,0.0,en,0.0,en,0.0,en,0.0,en,0.0,en,0.0,en,0.0,en,0.0,en,0.0,en,0.0,en,0.0,en,0.0,en,0.0,en,0.0,en,0.0,en,104.0,en,104.0,en,104.0,en,104.0,en,104.0,en,104.0,en,104.0,en,104.0,en
Plovdiv-Bulgaria0,42.1354,24.7453,Plovdiv,Bulgaria,0,,0.0,en,0.0,en,0.0,en,0.0,en,0.0,en,0.0,en,0.0,en,0.0,en,0.0,en,0.0,en,0.0,en,0.0,en,0.0,en,0.0,en,0.0,en,0.0,en,0.0,en,233.0,en,233.0,en,233.0,en,233.0,en,233.0,en,233.0,en,233.0,en,233.0,en
Plymouth-United Kingdom0,50.3755,-4.1427,Plymouth,United Kingdom,0,,0.0,en,0.0,en,0.0,en,0.0,en,0.0,en,0.0,en,0.0,en,0.0,en,0.0,en,0.0,en,0.0,en,173.0,en,173.0,en,173.0,en,173.0,en,173.0,en,173.0,en,173.0,en,173.0,en,173.0,en,173.0,en,173.0,en,173.0,en,173.0,en,173.0,en
Ponta Delgada-Portugal0,37.7422,-25.6749,Ponta Delgada,Portugal,0,,0.0,en,0.0,en,0.0,en,0.0,en,0.0,en,0.0,en,0.0,en,0.0,en,0.0,en,0.0,en,0.0,en,0.0,en,0.0,en,0.0,en,0.0,en,112.0,en,112.0,en,112.0,en,267.0,en,267.0,en,267.0,en,267.0,en,267.0,en,267.0,en,267.0,en
Porto-Portugal0,41.1579,-8.6291,Porto,Portugal,0,,0.0,en,0.0,en,0.0,en,0.0,en,0.0,en,104.0,en,104.0,en,104.0,en,104.0,en,104.0,en,277.0,en,527.0,en,700.0,en,1063.0,en,1322.0,en,1857.0,en,2107.0,en,2910.0,en,5215.0,en,5603.0,en,5603.0,en,5603.0,en,5603.0,en,5603.0,en,5603.0,en
Poznan-Poland0,52.4064,16.9252,Poznan,Poland,0,,233.0,en,466.0,en,466.0,en,690.0,en,880.0,en,1079.0,en,1528.0,en,1770.0,en,1770.0,en,1770.0,en,1908.0,en,2141.0,en,2365.0,en,2909.0,en,3384.0,en,3643.0,en,3833.0,en,3962.0,en,4178.0,en,4178.0,en,4178.0,en,4178.0,en,4178.0,en,4178.0,en,4178.0,en
Prague-Czech Republic0,50.0755,14.4378,Prague,Czech Republic,0,,104.0,en,216.0,en,216.0,en,216.0,en,216.0,en,216.0,en,216.0,en,216.0,en,216.0,en,216.0,en,216.0,en,216.0,en,216.0,en,345.0,en,544.0,en,734.0,en,984.0,en,2710.0,en,2831.0,en,2831.0,en,3064.0,en,3478.0,en,3806.0,en,4082.0,en,4263.0,en
Preston-United Kingdom0,53.7632,-2.7031,Preston,United Kingdom,0,,0.0,en,0.0,en,0.0,en,0.0,en,0.0,en,0.0,en,0.0,en,0.0,en,0.0,en,0.0,en,0.0,en,129.0,en,129.0,en,129.0,en,129.0,en,129.0,en,129.0,en,129.0,en,241.0,en,241.0,en,241.0,en,241.0,en,241.0,en,241.0,en,241.0,en
Queluz-Portugal0,38.7574,-9.2587,Queluz,Portugal,0,,0.0,en,0.0,en,0.0,en,0.0,en,0.0,en,0.0,en,0.0,en,0.0,en,0.0,en,0.0,en,0.0,en,0.0,en,0.0,en,0.0,en,0.0,en,0.0,en,0.0,en,0.0,en,190.0,en,190.0,en,190.0,en,190.0,en,190.0,en,190.0,en,190.0,en
Radom-Poland0,51.4027,21.1471,Radom,Poland,0,,0.0,en,0.0,en,112.0,en,259.0,en,259.0,en,259.0,en,259.0,en,259.0,en,259.0,en,259.0,en,259.0,en,259.0,en,259.0,en,363.0,en,363.0,en,467.0,en,467.0,en,467.0,en,467.0,en,467.0,en,467.0,en,467.0,en,467.0,en,467.0,en,467.0,en
Reading-United Kingdom0,51.4543,-0.9781,Reading,United Kingdom,0,,0.0,en,0.0,en,0.0,en,0.0,en,0.0,en,0.0,en,0.0,en,0.0,en,0.0,en,0.0,en,0.0,en,164.0,en,164.0,en,164.0,en,164.0,en,164.0,en,164.0,en,164.0,en,164.0,en,164.0,en,164.0,en,164.0,en,164.0,en,164.0,en,164.0,en
Rennes-France0,48.1173,-1.6778,Rennes,France,0,,0.0,en,0.0,en,0.0,en,0.0,en,0.0,en,0.0,en,0.0,en,0.0,en,0.0,en,0.0,en,0.0,en,147.0,en,147.0,en,147.0,en,147.0,en,147.0,en,147.0,en,147.0,en,147.0,en,147.0,en,147.0,en,147.0,en,147.0,en,147.0,en,147.0,en
Riga-Latvia0,56.9496,24.1052,Riga,Latvia,0,,2408.0,en,2943.0,en,3616.0,en,5282.0,en,6534.0,en,7682.0,en,8580.0,en,9271.0,en,10229.0,en,11187.0,en,12888.0,en,16013.0,en,18793.0,en,21400.0,en,23308.0,en,24629.0,en,26105.0,en,27314.0,en,31440.0,en,36032.0,en,38803.0,en,39416.0,en,39822.0,en,40124.0,en,40297.0,en
Rijeka-Croatia0,45.3271,14.4422,Rijeka,Croatia,0,,0.0,en,0.0,en,0.0,en,0.0,en,0.0,en,0.0,en,0.0,en,0.0,en,0.0,en,0.0,en,0.0,en,0.0,en,138.0,en,138.0,en,138.0,en,138.0,en,138.0,en,138.0,en,138.0,en,138.0,en,138.0,en,138.0,en,138.0,en,138.0,en,138.0,en
Rome-Italy0,41.9028,12.4964,Rome,Italy,0,,0.0,en,0.0,en,0.0,en,0.0,en,0.0,en,0.0,en,0.0,en,0.0,en,0.0,en,0.0,en,0.0,en,0.0,en,0.0,en,0.0,en,181.0,en,319.0,en,319.0,en,509.0,en,656.0,en,656.0,en,656.0,en,656.0,en,656.0,en,656.0,en,656.0,en
Rotterdam-Netherlands0,51.9244,4.4777,Rotterdam,Netherlands,0,,0.0,en,0.0,en,0.0,en,0.0,en,0.0,en,0.0,en,0.0,en,0.0,en,0.0,en,0.0,en,0.0,en,449.0,en,578.0,en,578.0,en,578.0,en,707.0,en,707.0,en,707.0,en,906.0,en,906.0,en,906.0,en,906.0,en,906.0,en,906.0,en,906.0,en
Royal Leamington Spa-United Kingdom0,52.2852,-1.5201,Royal Leamington Spa,United Kingdom,0,,0.0,en,0.0,en,0.0,en,0.0,en,0.0,en,0.0,en,0.0,en,0.0,en,0.0,en,0.0,en,0.0,en,138.0,en,138.0,en,138.0,en,138.0,en,138.0,en,138.0,en,138.0,en,138.0,en,138.0,en,138.0,en,138.0,en,138.0,en,138.0,en,138.0,en
Ruse-Bulgaria0,43.8356,25.9657,Ruse,Bulgaria,0,,0.0,en,0.0,en,0.0,en,0.0,en,0.0,en,0.0,en,0.0,en,0.0,en,0.0,en,0.0,en,0.0,en,0.0,en,0.0,en,0.0,en,0.0,en,0.0,en,0.0,en,112.0,en,112.0,en,112.0,en,112.0,en,112.0,en,112.0,en,112.0,en,112.0,en
Rzeszow-Poland0,50.0412,21.9991,Rzeszow,Poland,0,,173.0,en,173.0,en,173.0,en,173.0,en,173.0,en,173.0,en,173.0,en,173.0,en,173.0,en,173.0,en,173.0,en,173.0,en,173.0,en,173.0,en,277.0,en,277.0,en,277.0,en,277.0,en,277.0,en,277.0,en,277.0,en,277.0,en,277.0,en,277.0,en,277.0,en
Saarbrucken-Germany0,49.2402,6.9969,Saarbrucken,Germany,0,,0.0,en,0.0,en,0.0,en,0.0,en,0.0,en,0.0,en,0.0,en,0.0,en,0.0,en,0.0,en,0.0,en,0.0,en,0.0,en,0.0,en,104.0,en,104.0,en,104.0,en,104.0,en,104.0,en,104.0,en,104.0,en,104.0,en,104.0,en,104.0,en,104.0,en
Sacavem-Portugal0,38.7914,-9.1041,Sacavem,Portugal,0,,0.0,en,0.0,en,0.0,en,0.0,en,0.0,en,0.0,en,0.0,en,0.0,en,0.0,en,0.0,en,0.0,en,0.0,en,0.0,en,0.0,en,0.0,en,0.0,en,0.0,en,0.0,en,138.0,en,138.0,en,138.0,en,138.0,en,138.0,en,138.0,en,138.0,en
Saint Andrews-United Kingdom0,56.3393,-2.7965,Saint Andrews,United Kingdom,0,,0.0,en,0.0,en,0.0,en,0.0,en,0.0,en,0.0,en,0.0,en,0.0,en,0.0,en,0.0,en,0.0,en,112.0,en,216.0,en,216.0,en,216.0,en,216.0,en,216.0,en,216.0,en,216.0,en,216.0,en,216.0,en,216.0,en,216.0,en,216.0,en,216.0,en
Santarem-Portugal0,39.2367,-8.686,Santarem,Portugal,0,,0.0,en,0.0,en,0.0,en,0.0,en,0.0,en,0.0,en,0.0,en,0.0,en,0.0,en,0.0,en,0.0,en,0.0,en,0.0,en,0.0,en,0.0,en,0.0,en,0.0,en,0.0,en,129.0,en,129.0,en,129.0,en,129.0,en,129.0,en,129.0,en,129.0,en
Sao Domingos de Rana-Portugal0,38.7124,-9.339,Sao Domingos de Rana,Portugal,0,,0.0,en,0.0,en,0.0,en,0.0,en,0.0,en,0.0,en,0.0,en,0.0,en,0.0,en,0.0,en,0.0,en,0.0,en,0.0,en,0.0,en,0.0,en,0.0,en,0.0,en,0.0,en,199.0,en,199.0,en,199.0,en,199.0,en,199.0,en,199.0,en,199.0,en
Sao Joao da Madeira-Portugal0,40.9005,-8.4907,Sao Joao da Madeira,Portugal,0,,0.0,en,0.0,en,0.0,en,0.0,en,0.0,en,0.0,en,0.0,en,0.0,en,0.0,en,0.0,en,0.0,en,0.0,en,0.0,en,0.0,en,0.0,en,0.0,en,0.0,en,0.0,en,164.0,en,164.0,en,164.0,en,164.0,en,164.0,en,164.0,en,164.0,en
Schaerbeek-Belgium0,50.8674,4.3773,Schaerbeek,Belgium,0,,0.0,en,0.0,en,0.0,en,0.0,en,0.0,en,104.0,en,303.0,en,303.0,en,303.0,en,303.0,en,303.0,en,303.0,en,303.0,en,303.0,en,303.0,en,303.0,en,303.0,en,303.0,en,303.0,en,303.0,en,303.0,en,303.0,en,303.0,en,303.0,en,303.0,en
Seixal-Portugal0,38.6411,-9.0975,Seixal,Portugal,0,,0.0,en,0.0,en,0.0,en,0.0,en,0.0,en,0.0,en,0.0,en,0.0,en,0.0,en,0.0,en,0.0,en,0.0,en,0.0,en,0.0,en,0.0,en,0.0,en,0.0,en,0.0,en,147.0,en,147.0,en,147.0,en,147.0,en,147.0,en,147.0,en,147.0,en
Setubal-Portugal0,38.525999999999996,-8.8909,Setubal,Portugal,0,,0.0,en,0.0,en,0.0,en,0.0,en,0.0,en,0.0,en,0.0,en,0.0,en,0.0,en,0.0,en,0.0,en,0.0,en,0.0,en,0.0,en,0.0,en,0.0,en,0.0,en,0.0,en,388.0,en,388.0,en,388.0,en,388.0,en,388.0,en,388.0,en,388.0,en
Seville-Spain0,37.3891,-5.9845,Seville,Spain,0,,0.0,en,0.0,en,0.0,en,0.0,en,0.0,en,0.0,en,0.0,en,0.0,en,0.0,en,0.0,en,0.0,en,0.0,en,0.0,en,129.0,en,284.0,en,388.0,en,578.0,en,690.0,en,854.0,en,854.0,en,854.0,en,854.0,en,854.0,en,854.0,en,854.0,en
Sheffield-United Kingdom0,53.3811,-1.4701,Sheffield,United Kingdom,0,,0.0,en,104.0,en,104.0,en,104.0,en,104.0,en,104.0,en,104.0,en,104.0,en,104.0,en,104.0,en,104.0,en,579.0,en,829.0,en,933.0,en,1097.0,en,1321.0,en,1321.0,en,1520.0,en,1520.0,en,1520.0,en,1520.0,en,1520.0,en,1520.0,en,1520.0,en,1520.0,en
Sintra-Portugal0,38.8029,-9.3817,Sintra,Portugal,0,,0.0,en,0.0,en,0.0,en,0.0,en,0.0,en,0.0,en,0.0,en,0.0,en,0.0,en,0.0,en,0.0,en,0.0,en,0.0,en,121.0,en,121.0,en,233.0,en,233.0,en,233.0,en,760.0,en,760.0,en,760.0,en,760.0,en,760.0,en,760.0,en,760.0,en
Soest-Germany0,51.5711,8.1058,Soest,Germany,0,,294.0,en,294.0,en,294.0,en,441.0,en,596.0,en,596.0,en,596.0,en,596.0,en,596.0,en,596.0,en,596.0,en,596.0,en,596.0,en,596.0,en,596.0,en,596.0,en,596.0,en,596.0,en,596.0,en,596.0,en,596.0,en,596.0,en,596.0,en,596.0,en,596.0,en
Sofia-Bulgaria0,42.6977,23.3219,Sofia,Bulgaria,0,,0.0,en,0.0,en,0.0,en,138.0,en,138.0,en,138.0,en,138.0,en,138.0,en,138.0,en,138.0,en,138.0,en,138.0,en,138.0,en,138.0,en,242.0,en,242.0,en,242.0,en,1192.0,en,1192.0,en,1192.0,en,1330.0,en,1468.0,en,1468.0,en,1667.0,en,1667.0,en
Southampton-United Kingdom0,50.9097,-1.4044,Southampton,United Kingdom,0,,0.0,en,0.0,en,0.0,en,0.0,en,0.0,en,0.0,en,0.0,en,0.0,en,0.0,en,0.0,en,0.0,en,311.0,en,492.0,en,492.0,en,613.0,en,613.0,en,613.0,en,803.0,en,803.0,en,803.0,en,803.0,en,803.0,en,803.0,en,803.0,en,803.0,en
Stara Zagora-Bulgaria0,42.4258,25.6345,Stara Zagora,Bulgaria,0,,0.0,en,0.0,en,0.0,en,0.0,en,0.0,en,0.0,en,0.0,en,0.0,en,0.0,en,0.0,en,0.0,en,0.0,en,0.0,en,0.0,en,0.0,en,0.0,en,0.0,en,129.0,en,129.0,en,129.0,en,129.0,en,129.0,en,129.0,en,129.0,en,129.0,en
Steenwijk-Netherlands0,52.7869,6.1181,Steenwijk,Netherlands,0,,0.0,en,0.0,en,0.0,en,0.0,en,0.0,en,0.0,en,0.0,en,0.0,en,0.0,en,0.0,en,0.0,en,0.0,en,0.0,en,0.0,en,0.0,en,0.0,en,0.0,en,0.0,en,414.0,en,1303.0,en,1769.0,en,2071.0,en,2347.0,en,2347.0,en,2347.0,en
Stockholm-Sweden0,59.3293,18.0686,Stockholm,Sweden,0,,0.0,en,181.0,en,181.0,en,181.0,en,181.0,en,181.0,en,181.0,en,181.0,en,181.0,en,181.0,en,181.0,en,328.0,en,449.0,en,587.0,en,794.0,en,1027.0,en,1027.0,en,1148.0,en,1148.0,en,1148.0,en,1148.0,en,1148.0,en,1148.0,en,1148.0,en,1148.0,en
Stoke-on-Trent-United Kingdom0,53.0027,-2.1794,StokeonTrent,United Kingdom,0,,0.0,en,0.0,en,0.0,en,0.0,en,0.0,en,0.0,en,0.0,en,0.0,en,0.0,en,0.0,en,0.0,en,112.0,en,112.0,en,112.0,en,112.0,en,112.0,en,112.0,en,112.0,en,112.0,en,112.0,en,112.0,en,112.0,en,112.0,en,112.0,en,112.0,en
Stuttgart-Germany0,48.7758,9.1829,Stuttgart,Germany,0,,0.0,en,0.0,en,0.0,en,0.0,en,0.0,en,0.0,en,0.0,en,0.0,en,0.0,en,0.0,en,0.0,en,0.0,en,0.0,en,121.0,en,699.0,en,863.0,en,863.0,en,863.0,en,863.0,en,967.0,en,967.0,en,967.0,en,967.0,en,967.0,en,967.0,en
Swansea-United Kingdom0,51.6214,-3.9436,Swansea,United Kingdom,0,,0.0,en,0.0,en,0.0,en,0.0,en,0.0,en,0.0,en,0.0,en,0.0,en,0.0,en,0.0,en,0.0,en,129.0,en,129.0,en,129.0,en,129.0,en,129.0,en,129.0,en,241.0,en,241.0,en,241.0,en,241.0,en,241.0,en,241.0,en,241.0,en,241.0,en
Szczecin-Poland0,53.4285,14.5528,Szczecin,Poland,0,,0.0,en,0.0,en,0.0,en,0.0,en,0.0,en,0.0,en,0.0,en,0.0,en,0.0,en,0.0,en,0.0,en,0.0,en,0.0,en,242.0,en,432.0,en,432.0,en,432.0,en,432.0,en,432.0,en,432.0,en,432.0,en,432.0,en,432.0,en,432.0,en,432.0,en
Szeged-Hungary0,46.253,20.1414,Szeged,Hungary,0,,0.0,en,0.0,en,0.0,en,0.0,en,0.0,en,0.0,en,0.0,en,0.0,en,0.0,en,0.0,en,0.0,en,0.0,en,0.0,en,0.0,en,0.0,en,0.0,en,0.0,en,138.0,en,138.0,en,138.0,en,138.0,en,138.0,en,138.0,en,138.0,en,138.0,en
Szekesfehervar-Hungary0,47.18600000000001,18.4221,Szekesfehervar,Hungary,0,,0.0,en,0.0,en,0.0,en,0.0,en,0.0,en,0.0,en,0.0,en,0.0,en,0.0,en,0.0,en,0.0,en,0.0,en,0.0,en,0.0,en,0.0,en,0.0,en,0.0,en,112.0,en,112.0,en,112.0,en,112.0,en,112.0,en,112.0,en,112.0,en,112.0,en
Tallinn-Estonia0,59.437,24.7536,Tallinn,Estonia,0,,302.0,en,414.0,en,414.0,en,526.0,en,837.0,en,1018.0,en,1303.0,en,1994.0,en,2365.0,en,2365.0,en,2512.0,en,2512.0,en,2512.0,en,2771.0,en,3522.0,en,4446.0,en,4446.0,en,4714.0,en,5215.0,en,5828.0,en,6432.0,en,6432.0,en,6432.0,en,6432.0,en,6432.0,en
Tarragona-Spain0,41.1189,1.2445,Tarragona,Spain,0,,0.0,en,0.0,en,0.0,en,0.0,en,0.0,en,104.0,en,104.0,en,104.0,en,104.0,en,104.0,en,104.0,en,104.0,en,104.0,en,104.0,en,104.0,en,104.0,en,104.0,en,104.0,en,104.0,en,104.0,en,104.0,en,104.0,en,104.0,en,104.0,en,104.0,en
Tartu-Estonia0,58.4895,26.7583,Tartu,Estonia,0,,0.0,en,0.0,en,0.0,en,0.0,en,0.0,en,0.0,en,0.0,en,0.0,en,0.0,en,0.0,en,0.0,en,0.0,en,0.0,en,0.0,en,104.0,en,104.0,en,104.0,en,104.0,en,104.0,en,208.0,en,208.0,en,208.0,en,208.0,en,208.0,en,208.0,en
Taunton-United Kingdom0,51.0153,-3.1068,Taunton,United Kingdom,0,,0.0,en,0.0,en,0.0,en,0.0,en,0.0,en,0.0,en,0.0,en,0.0,en,0.0,en,0.0,en,0.0,en,104.0,en,104.0,en,104.0,en,104.0,en,104.0,en,104.0,en,104.0,en,104.0,en,104.0,en,104.0,en,104.0,en,104.0,en,104.0,en,104.0,en
The Hague-Netherlands0,52.0705,4.3007,The Hague,Netherlands,0,,0.0,en,0.0,en,0.0,en,0.0,en,0.0,en,0.0,en,0.0,en,0.0,en,0.0,en,0.0,en,104.0,en,277.0,en,562.0,en,562.0,en,691.0,en,691.0,en,691.0,en,691.0,en,812.0,en,976.0,en,976.0,en,976.0,en,976.0,en,976.0,en,976.0,en
Thessaloniki-Greece0,40.6401,22.9444,Thessaloniki,Greece,0,,0.0,en,0.0,en,0.0,en,466.0,en,829.0,en,1123.0,en,1425.0,en,1719.0,en,2202.0,en,2599.0,en,3039.0,en,3333.0,en,3652.0,en,3885.0,en,4360.0,en,4662.0,en,5189.0,en,5344.0,en,5344.0,en,5594.0,en,5594.0,en,5594.0,en,5594.0,en,5594.0,en,5594.0,en
Timisoara-Romania0,45.7597,21.23,Timisoara,Romania,0,,0.0,en,0.0,en,0.0,en,0.0,en,0.0,en,0.0,en,0.0,en,0.0,en,0.0,en,0.0,en,0.0,en,0.0,en,0.0,en,0.0,en,0.0,en,0.0,en,0.0,en,0.0,en,121.0,en,121.0,en,121.0,en,121.0,en,121.0,en,121.0,en,121.0,en
Tomar-Portugal0,39.6054,-8.4043,Tomar,Portugal,0,,0.0,en,0.0,en,0.0,en,0.0,en,0.0,en,0.0,en,0.0,en,0.0,en,0.0,en,0.0,en,0.0,en,0.0,en,0.0,en,0.0,en,0.0,en,0.0,en,0.0,en,0.0,en,121.0,en,121.0,en,121.0,en,121.0,en,121.0,en,121.0,en,121.0,en
Torres Vedras-Portugal0,39.0918,-9.26,Torres Vedras,Portugal,0,,0.0,en,0.0,en,0.0,en,0.0,en,0.0,en,0.0,en,0.0,en,0.0,en,0.0,en,0.0,en,0.0,en,0.0,en,0.0,en,0.0,en,0.0,en,0.0,en,0.0,en,0.0,en,276.0,en,276.0,en,276.0,en,276.0,en,276.0,en,276.0,en,276.0,en
Torun-Poland0,53.0138,18.5984,Torun,Poland,0,,0.0,en,0.0,en,0.0,en,0.0,en,0.0,en,0.0,en,0.0,en,0.0,en,0.0,en,0.0,en,0.0,en,0.0,en,0.0,en,0.0,en,104.0,en,233.0,en,233.0,en,233.0,en,233.0,en,233.0,en,233.0,en,233.0,en,233.0,en,233.0,en,233.0,en
Tournai-Belgium0,50.6056,3.3879,Tournai,Belgium,0,,0.0,en,0.0,en,0.0,en,0.0,en,0.0,en,0.0,en,0.0,en,0.0,en,0.0,en,0.0,en,0.0,en,0.0,en,0.0,en,0.0,en,0.0,en,0.0,en,0.0,en,0.0,en,0.0,en,0.0,en,0.0,en,0.0,en,112.0,en,112.0,en,112.0,en
Trier-Germany0,49.75,6.6371,Trier,Germany,0,,0.0,en,0.0,en,0.0,en,0.0,en,0.0,en,0.0,en,0.0,en,0.0,en,0.0,en,0.0,en,0.0,en,0.0,en,0.0,en,0.0,en,129.0,en,129.0,en,129.0,en,129.0,en,129.0,en,129.0,en,129.0,en,129.0,en,129.0,en,129.0,en,129.0,en
Ulm-Germany0,48.4011,9.9876,Ulm,Germany,0,,0.0,en,0.0,en,0.0,en,0.0,en,0.0,en,0.0,en,0.0,en,0.0,en,0.0,en,0.0,en,0.0,en,0.0,en,0.0,en,0.0,en,104.0,en,104.0,en,104.0,en,104.0,en,104.0,en,104.0,en,104.0,en,104.0,en,104.0,en,104.0,en,104.0,en
Utrecht-Netherlands0,52.0907,5.1214,Utrecht,Netherlands,0,,0.0,en,0.0,en,0.0,en,0.0,en,0.0,en,0.0,en,0.0,en,0.0,en,0.0,en,0.0,en,0.0,en,268.0,en,397.0,en,397.0,en,397.0,en,397.0,en,397.0,en,397.0,en,613.0,en,760.0,en,760.0,en,760.0,en,760.0,en,760.0,en,760.0,en
Valencia-Spain0,39.4699,-0.3763,Valencia,Spain,0,,112.0,en,112.0,en,112.0,en,526.0,en,733.0,en,888.0,en,888.0,en,1087.0,en,1191.0,en,1450.0,en,1744.0,en,1934.0,en,2167.0,en,2599.0,en,2806.0,en,2970.0,en,2970.0,en,3074.0,en,3298.0,en,3402.0,en,3523.0,en,3523.0,en,3523.0,en,3523.0,en,3523.0,en
Varna-Bulgaria0,43.2141,27.9147,Varna,Bulgaria,0,,0.0,en,0.0,en,0.0,en,0.0,en,0.0,en,0.0,en,0.0,en,0.0,en,0.0,en,0.0,en,0.0,en,0.0,en,0.0,en,0.0,en,0.0,en,0.0,en,0.0,en,129.0,en,129.0,en,129.0,en,129.0,en,129.0,en,129.0,en,129.0,en,129.0,en
Viana do Castelo-Portugal0,41.6918,-8.8344,Viana do Castelo,Portugal,0,,0.0,en,0.0,en,0.0,en,0.0,en,0.0,en,0.0,en,0.0,en,0.0,en,0.0,en,0.0,en,0.0,en,0.0,en,0.0,en,0.0,en,0.0,en,0.0,en,0.0,en,0.0,en,173.0,en,173.0,en,173.0,en,173.0,en,173.0,en,173.0,en,173.0,en
Vienna-Austria0,48.2082,16.3738,Vienna,Austria,0,,0.0,en,0.0,en,0.0,en,0.0,en,0.0,en,0.0,en,0.0,en,423.0,en,423.0,en,578.0,en,802.0,en,1035.0,en,1268.0,en,1458.0,en,1743.0,en,1933.0,en,1933.0,en,2166.0,en,2399.0,en,2503.0,en,2503.0,en,2503.0,en,2503.0,en,2503.0,en,2503.0,en
Vila Nova de Gaia-Portugal0,41.1239,-8.6118,Vila Nova de Gaia,Portugal,0,,0.0,en,0.0,en,0.0,en,0.0,en,0.0,en,0.0,en,0.0,en,0.0,en,0.0,en,0.0,en,0.0,en,104.0,en,104.0,en,104.0,en,104.0,en,104.0,en,104.0,en,225.0,en,510.0,en,657.0,en,657.0,en,657.0,en,657.0,en,657.0,en,657.0,en
Vilnius-Lithuania0,54.6872,25.2797,Vilnius,Lithuania,0,,0.0,en,0.0,en,0.0,en,112.0,en,397.0,en,613.0,en,613.0,en,751.0,en,751.0,en,751.0,en,751.0,en,751.0,en,751.0,en,751.0,en,941.0,en,1329.0,en,1329.0,en,1329.0,en,1329.0,en,1329.0,en,1329.0,en,1329.0,en,1329.0,en,1329.0,en,1329.0,en
Viseu Dao Lafoes-Portugal0,40.6566,-7.9125,Viseu Dao Lafoes,Portugal,0,,0.0,en,0.0,en,0.0,en,0.0,en,0.0,en,0.0,en,0.0,en,0.0,en,0.0,en,0.0,en,0.0,en,0.0,en,0.0,en,0.0,en,0.0,en,0.0,en,0.0,en,0.0,en,268.0,en,268.0,en,268.0,en,268.0,en,268.0,en,268.0,en,268.0,en
Volos-Greece0,39.3426,22.881999999999998,Volos,Greece,0,,0.0,en,0.0,en,0.0,en,0.0,en,0.0,en,0.0,en,0.0,en,0.0,en,0.0,en,0.0,en,0.0,en,0.0,en,0.0,en,0.0,en,0.0,en,104.0,en,104.0,en,104.0,en,104.0,en,104.0,en,104.0,en,104.0,en,104.0,en,104.0,en,104.0,en
Vrilissia-Greece0,38.0377,23.8377,Vrilissia,Greece,0,,0.0,en,0.0,en,0.0,en,0.0,en,0.0,en,104.0,en,104.0,en,104.0,en,104.0,en,104.0,en,216.0,en,216.0,en,328.0,en,328.0,en,466.0,en,613.0,en,725.0,en,725.0,en,725.0,en,725.0,en,725.0,en,725.0,en,725.0,en,725.0,en,725.0,en
Warsaw-Poland0,52.2297,21.0122,Warsaw,Poland,0,,1830.0,en,3427.0,en,5326.0,en,6992.0,en,8235.0,en,9185.0,en,10307.0,en,11265.0,en,12111.0,en,13000.0,en,14666.0,en,15909.0,en,17351.0,en,19587.0,en,22531.0,en,24275.0,en,25872.0,en,27322.0,en,29368.0,en,30041.0,en,30559.0,en,30818.0,en,31008.0,en,31112.0,en,31285.0,en
Wembley-United Kingdom0,51.5505,-0.3048,Wembley,United Kingdom,0,,0.0,en,0.0,en,0.0,en,0.0,en,0.0,en,0.0,en,0.0,en,0.0,en,0.0,en,0.0,en,0.0,en,0.0,en,104.0,en,104.0,en,104.0,en,104.0,en,104.0,en,104.0,en,104.0,en,104.0,en,104.0,en,104.0,en,104.0,en,104.0,en,104.0,en
Wiesbaden-Germany0,50.0782,8.2398,Wiesbaden,Germany,0,,0.0,en,0.0,en,0.0,en,0.0,en,0.0,en,0.0,en,0.0,en,0.0,en,0.0,en,0.0,en,0.0,en,0.0,en,0.0,en,0.0,en,199.0,en,199.0,en,199.0,en,199.0,en,199.0,en,199.0,en,199.0,en,199.0,en,199.0,en,199.0,en,199.0,en
Wroclaw-Poland0,51.1079,17.0385,Wroclaw,Poland,0,,0.0,en,181.0,en,405.0,en,578.0,en,733.0,en,733.0,en,733.0,en,854.0,en,992.0,en,992.0,en,992.0,en,1104.0,en,1346.0,en,1838.0,en,2140.0,en,2140.0,en,2244.0,en,2425.0,en,2546.0,en,2546.0,en,2546.0,en,2546.0,en,2546.0,en,2546.0,en,2546.0,en
Wurzburg-Germany0,49.7913,9.9534,Wurzburg,Germany,0,,0.0,en,0.0,en,0.0,en,0.0,en,0.0,en,0.0,en,0.0,en,0.0,en,0.0,en,0.0,en,0.0,en,0.0,en,0.0,en,0.0,en,104.0,en,104.0,en,104.0,en,104.0,en,104.0,en,104.0,en,104.0,en,104.0,en,104.0,en,104.0,en,104.0,en
York-United Kingdom0,53.96,-1.0873,York,United Kingdom,0,,0.0,en,0.0,en,0.0,en,0.0,en,0.0,en,0.0,en,0.0,en,0.0,en,0.0,en,0.0,en,0.0,en,233.0,en,345.0,en,345.0,en,544.0,en,544.0,en,544.0,en,544.0,en,544.0,en,544.0,en,544.0,en,544.0,en,544.0,en,544.0,en,544.0,en
Zagreb-Croatia0,45.815,15.9819,Zagreb,Croatia,0,,0.0,en,0.0,en,0.0,en,0.0,en,0.0,en,0.0,en,0.0,en,0.0,en,0.0,en,0.0,en,121.0,en,760.0,en,1140.0,en,1865.0,en,2374.0,en,2529.0,en,2529.0,en,2529.0,en,2529.0,en,2529.0,en,2529.0,en,2529.0,en,2529.0,en,2529.0,en,2529.0,en
Zalaegerszeg-Hungary0,46.8417,16.8416,Zalaegerszeg,Hungary,0,,0.0,en,0.0,en,0.0,en,0.0,en,0.0,en,0.0,en,0.0,en,0.0,en,0.0,en,0.0,en,0.0,en,0.0,en,0.0,en,0.0,en,0.0,en,0.0,en,0.0,en,104.0,en,104.0,en,104.0,en,104.0,en,104.0,en,104.0,en,104.0,en,104.0,en
Zielona Gora-Poland0,51.9356,15.5062,Zielona Gora,Poland,0,,0.0,en,0.0,en,0.0,en,0.0,en,0.0,en,0.0,en,0.0,en,0.0,en,0.0,en,0.0,en,0.0,en,0.0,en,0.0,en,0.0,en,104.0,en,104.0,en,104.0,en,104.0,en,104.0,en,104.0,en,104.0,en,104.0,en,104.0,en,104.0,en,104.0,en
Zilina-Slovakia0,49.2216,18.742,Zilina,Slovakia,0,,0.0,en,0.0,en,0.0,en,0.0,en,0.0,en,0.0,en,0.0,en,0.0,en,0.0,en,0.0,en,0.0,en,0.0,en,0.0,en,0.0,en,0.0,en,0.0,en,121.0,en,302.0,en,302.0,en,302.0,en,302.0,en,302.0,en,302.0,en,302.0,en,302.0,en
Zwolle-Netherlands0,52.5168,6.082999999999999,Zwolle,Netherlands,0,,0.0,en,0.0,en,0.0,en,0.0,en,0.0,en,0.0,en,0.0,en,0.0,en,0.0,en,0.0,en,0.0,en,0.0,en,0.0,en,0.0,en,0.0,en,0.0,en,0.0,en,0.0,en,0.0,en,294.0,en,467.0,en,467.0,en,467.0,en,467.0,en,467.0,en
